-- UPDATED ON 16-11-16
SET foreign_key_checks = 0;

# Agency Master
	INSERT INTO agency (name,address,description,deleted)
VALUES
        ('cweew','esdvbsc','rtjhgrgt',1),
        ('ddd','efef','esf',0);

# Agent Master
	INSERT INTO agent (name,agency_id,description,address,deleted)
VALUES
        ('sdfsf',2,'dsrfde','ggg',0);

# Amenity Master
	INSERT INTO amenity (id, name, description, amenity_code_id, amenity_type, deleted)
VALUES
        (58,'Airport','Airport',3,'COMMERCIAL',0),
        (59,'Railway Station','Railway Station',3,'COMMERCIAL',0),
        (60,'Bus Stop (Interstate)','Bus Stop (Interstate)',3,'COMMERCIAL',0),
        (61,'Metro Station','Metro Station',3,'COMMERCIAL',0),
        (62,'Daily Needs','Daily Needs',4,'RESIDENTIAL',0),
        (63,'Public Transport','Public Transport',4,'RESIDENTIAL',0),
        (64,'Hospital','Hospital',4,'RESIDENTIAL',0),
        (65,'Park','Park',4,'RESIDENTIAL',0),
        (66,'Bank','Bank',4,'RESIDENTIAL',0),
        (67,'ATM','ATM',4,'RESIDENTIAL',0),
        (68,'School','School',4,'RESIDENTIAL',0),
        (69,'College','College',4,'RESIDENTIAL',0),
        (70,'Coaching','Coaching',4,'RESIDENTIAL',0),
        (71,'Petrol Pump','Petrol Pump',4,'RESIDENTIAL',0),
        (72,'Restaurant','Restaurant',4,'RESIDENTIAL',0),
        (73,'Bakery','Bakery',4,'RESIDENTIAL',0),
        (74,'Swimming Pool','Swimming Pool',5,'COMMERCIAL',0),
        (75,'Gym','Gym',5,'COMMERCIAL',0),
        (76,'Club','Club',4,'COMMERCIAL',0),
        (77,'Bar','Bar',5,'COMMERCIAL',0),
        (78,'Shopping Mall','Shopping Mall',5,'COMMERCIAL',0),
        (79,'Theater','Theater',5,'COMMERCIAL',0),
        (80,'Spa','Spa',5,'COMMERCIAL',0),
        (81,'Salon','Salon',5,'COMMERCIAL',0);

# Amenity Code Master
	INSERT INTO amenity_code (name, deleted)
VALUES
        ('Basic Amenities',1),
        ('Key Amenities',0),
        ('Basic Amenities',0),
        ('Luxury Amenities',0);

# Amenity Detail Master
	INSERT INTO amenity_detail (id, name, address, phone_number, mobile_number, location_id, amenity_id, latitude, longitude, city_id, deleted)
VALUES
	(3,'NIT Swimming Pool','Ambazari','9766136110','5672389876',152,74,21.1179,72.6579,78,1),
        (4,'cbhjbdj','bjhbjhb','3463437678','8768768787',130,66,21.111,21.111,78,1),
        (5,'Dr. Babasaheb Ambedkar International Airport','Wardha Road, Opposite Pride Hotel, Nagpur, Maharashtra 440005','1234567890','9756148261',126,58,21.0908,79.0547,78,0),
        (6,'Nagpur Junction','Sitabuldi','8769854678','9854763456',124,59,21.1522,79.0888,78,0),
        (7,'Ajni Railway Station','Ajni','6876987267','6738987654',150,59,21.126944,79.082778,78,0),
        (8,'Itwari Railway Station','Itwari','7657687346','9876547685',52,59,21.15,79.133333,78,0),
        (9,'ST Bus Stop','Ganeshpeth','6876985678','8768768954',35,60,21.821,79.548,78,0),
        (10,'Central Mall','Alankar Square','9879879808','8768768965',109,78,21.1371,79.0687,78,0),
        (11,'Empress Mall','Shukrawari','8787609567','5657890987',33,78,21.1481,79.0934,78,0),
        (12,'Eternity Mall','Sitabuldi','7686879876','9898989898',124,78,21.1432,79.0802,78,0),
        (13,'Ambazari Metro Station','Ambazari','8768768790','9898989898',152,61,21.1279,79.0462,78,0),
        (14,'Ambazari Bus Stop','Ambazari','9798798098','8768768897',152,63,21.052595,78.843926,78,0),
        (15,'Wockhardt Hospital','Shankar Nagar','6876876098','8908908907',118,64,21.1322,79.0541,78,0),
        (16,'Dhantoli Park','Dhantoli','9879879878','9798798767',24,65,21.1354,79.0817,78,0),
        (17,'Shivaji Nagar Park','Shivaji Nagar','9879879908','9898989898',119,65,21.138,79.0555,78,0),
        (18,'Bank Of India (Shankar Nagar)','Shankar Nagar','8768768789','9898989898',118,66,21.136,79.0605,78,0),
        (19,'Bank Of India ATM(Shankar Nagar)','Shankar Nagar','9898989898','7878787878',118,67,21.136,79.0605,78,0),
        (20,'Saraswati Vidyalaya','Shankar Nagar','6767676767','9898989898',118,68,21.136,79.0605,78,0),
        (21,'Modern School','NEERI','8978978978','9898989898',71,68,21.1196,79.065,78,0),
        (22,'G.H Raisoni College','Kasturchand Park','9879879878','7897897890',19,69,21.1539,79.0825,78,0),
        (23,'Indian Oil Petrol Pump (Shankar Nagar)','Shankar Nagar','9879879879','8989898989',118,71,21.1336,79.0618,78,0),
        (24,'Amaira Restaurant','Restaurant','9868978968','6757897865',19,72,21.1514,79.0637,78,0),
        (25,'Icing On The Cake','Traffic Park','9868978908','9875678976',27,73,21.1633,79.0744,78,0),
        (26,'NIT Swimming Pool','Ambazari','9868987656','8988797987',152,74,21.1302,79.0488,78,0);

# Bank Master
	INSERT INTO bank (name, loan_interest_rate_for_male, loan_interest_rate_for_female, max_loan_tenure,
max_age_for_salaried,max_age_for_businessman, deleted)
VALUES
	('SBI', 9.55, 9.5,7,55,45, 0),
	('ICICI',9.5, 9.45,5,27,46 ,0),
	('HDFC',9.5, 9.45,2,45,48, 0),
	('Axis',9.5, 9.45,5,30,41, 0),
        ('BOI',7,8,20,60,70,0),
	('Yes', 9.55, 9.5,9,43,52, 0);

# Branch Master
	INSERT INTO branch (name, bank_id, ifsc_code, micr_code,
phone_no, fax, email, location_id, address, city_id, deleted)
VALUES
        ('laxminagar',NULL,'1',2,3,'dm','sadas@sad.awdwas',NULL,'sjfhgdhsa',NULL,1),
        ('sam',NULL,'1111',222222,NULL,'4444','ad@d.dd',NULL,'astyfj',NULL,1),
        ('ss',NULL,'2',2,NULL,'11','s@d.d',NULL,'s',NULL,1),
        ('ss',NULL,'1',2,5,'4','s@s.s',NULL,'d',NULL,1),
        ('s',5,'123',456,798,'123456789','abcd@efg.hij',50,'asadad',78,0),
        ('sss',7,'1',2,3,'4','s@s.ss',29,'qq',33,0),
        ('assa',4,'312',23133,233233,'2333','sd@f.sef',78,'sssssss',25,0),
        ('daqas',2,'333',222,33,'111','dd@da.sd',35,'ddddddd',51,0);

# Builder Master
        INSERT INTO builder (name, city_id, description, address, phone_number, project_name, property_name, deleted)
VALUES
        ('ngp',78,'ngp','ngp','222','ngp','ngp',0);

# Business_associate Master
 	INSERT INTO business_associate (name, address, city_id, location_id, email, phone_number1, phone_number2, fax, franchise_id, bank_id, business_associate, deleted)
 VALUES
 	('Kamal Thakur', 'Khamla', 1, 1, 'Kamal@kamalandsons.com', 789654, 123654, 6216846, 1, 1, 1, 0),
 	('Anil Deshpande', 'Ramdaspeth', 1, 2, 'anild@anilrealestate.com', 54684565, 615848, 5468468, 1, 2, 2, 0);
	
# Business_partner Master
-- 	INSERT INTO business_partner (name, address, deleted)
-- VALUES
-- 	('Nirmal', 'Khamla', 0),
-- 	('Ashay', 'Ramdaspeth', 0),
--         ('Akash', 'Dhantoli', 0),
--         ('Avinash', 'Jaitala', 0);
-- 

# City Master
	INSERT INTO city (name, state_id, country_id,description, latitude,longitude,radius,deleted)
VALUES
        ( 'Aheri', 14,1,'d',19.4134,80.0059,0,0),
        ('Ahmadnagar Cantonment', 14,1,'d',19.0952,74.7496,0,0),
        ('Ahmadpur', 14,1,'d',18.7062,76.9384,0,0),
        ('Ahmednagar', 14,1,'d',19.0952,74.7496,0,0),
        ('Ajra', 14,1,'d',16.1159,74.2106,0,0),
        ('Akkalkot', 14,1,'d',17.5242, 76.2054,0,0),
        ('Akkalkuwa', 14,1,'d',21.5546, 74.0159,0,0),
        ('Akola', 14,1,'d',20.7059, 77.0219,0,0),
        ('Akot', 14,1,'d',21.0973, 77.0536,0,0),
        ('Alandi', 14,1,'d',18.6726, 73.8894,0,0),
        ('Alibag', 14,1,'d',18.6554, 72.8671,0,0),
        ('Allapalli', 14,1,'d',17.8299, 80.4799,0,0),
        ('Alore', 14,1,'d',17.4719, 73.6192,0,0),
        ('Amalner', 14,1,'d',21.0419, 75.0582,0,0),
        ('Ambad', 14,1,'d',18.0719, 75.3441,0,0),
        ('Ambajogai', 14,1,'d',18.7271, 76.3811,0,0),
        ('Ambernath', 14,1,'d',19.1825, 73.1926,0,0),
        ('Ambivali Tarf Wankhal', 14,1,'d',18.8841, 73.1718,0,0),
        ('Amgaon', 14,1,'d',21.3684,80.3798,0,0),
        ('Amravati', 14,1,'d',20.9374, 77.7796,0,0),
        ('Anjangaon',14,1,'d',18.0833,75.6,0, 22),
        ('Arvi', 14,1,'d',20.6341, 79.1404,0,0),
        ('Ashta', 14,1,'d',16.9483, 74.4115,0,0),
        ('Ashti', 14,1,'d',18.8044,75.1680,0,0),
        ( 'Aurangabad', 14,1,'d',19.8762, 75.3433,0,0),
        ('Aurangabad Cantonment', 14,1,'d',19.8765, 75.2917,0,0),
        ('Ausa', 14,1,'d',18.2505, 76.4997,0,0),
        ('Babhulgaon',14,1,'d',19.8643, 77.0219,0,0 ),
        ('Badlapur', 14,1,'d',19.1668, 73.2368,0,0),
        ('Balapur', 14,1,'d',20.6882, 76.7914,0,0),
        ( 'Ballarpur',14,1,'d',19.8390, 79.3635,0,0 ),
        ('Baramati', 14,1,'d',18.1841, 74.6108,0,0),
        ('Barshi', 14,1,'d',18.2334, 75.6941,0,0),
        ( 'Basmat', 14,1,'d',19.3302, 77.1589,0,0),
        ( 'Beed',14,1,'d',18.9220, 75.8069,0,0 ),
        ('Bhadravati',14,1,'d',13.8330, 75.7081,0,0 ),
        ('Bhagur', 14,1,'d',19.8815, 73.8390,0,0),
        ('Bhandara',14,1,'d',21.0736, 79.8297,0,0 ),
        ('Bhusawal', 14,1,'d',21.0455, 75.8011,0,0),
        ('Bid', 14,1,'d',18.9891, 75.7601,0,0),
        ('Brahmapuri', 14,1,'d',20.6099, 79.8577,0,0),
        ('Buldhana', 14,1,'d',20.4561, 76.3637,0,0),
        ('Butibori', 14,1,'d',20.9312, 79.0057,0,0),
        ('Chakan', 14,1,'d',18.7603, 73.8630,0,0),
        ('Chalisgaon', 14,1,'d',20.4641, 74.9969,0,0),
        ('Chandrapur', 14,1,'d',19.9705, 79.3015,0,0),
        ('Chandur', 14,1,'d',20.8181, 77.9910,0,0),
        ('Chandur Bazar', 14,1,'d',21.2339, 77.7395,0,0),
        ('Chikhaldara', 14,1,'d',21.4030, 77.3268,0,0),
        ('Chikhli', 14,1,'d',20.0075, 75.7851,0,0),
        ('Chinchwad', 14,1,'d',18.6298, 73.7997,0,0),
        ('Chiplun', 14,1,'d',17.5323, 73.5178,0,0),
        ('Dahanu', 14,1,'d',19.9811, 72.7452,0,0),
        ('Daund', 14,1,'d',18.4593, 74.5873,0,0),
        ('Dehu Road', 14,1,'d',18.6868, 73.7419,0,0),
        ('Deolali', 14,1,'d',19.4728, 74.6210,0,0),
        ('Dhule', 14,1,'d',20.9042, 74.7749,0,0),
        ('Digras', 14,1,'d',20.1073, 77.7166,0,0),
        ('Dombivli', 14,1,'d',19.2094, 73.0939,0,0),
        ('Gadchiroli', 14,1,'d',19.4969, 80.2767,0,0),
        ('Gondia', 14,1,'d',21.4624, 80.2210,0,0),
        ('Hinganghat', 14,1,'d',20.5506, 78.8411,0,0),
        ('Hingoli', 14,1,'d',19.5781, 77.1025,0,0),
        ('Ichalkaranji', 14,1,'d',16.7090, 74.4561,0,0),
        ('Igatpuri', 14,1,'d',19.6973, 73.5609,0,0),
        ('Jalgaon', 14,1,'d',21.0077, 75.5626,0,0),
        ('Jalna', 14,1,'d',19.6807, 75.9928,0,0),
        ('Kalamb', 14,1,'d',18.5842, 76.0218,0,0),
        ('Kalmeshwar', 14,1,'d',21.2335, 78.9119,0,0),
        ('Kalyan', 14,1,'d',19.2403, 73.1305,0,0),
        ('Kankavli', 14,1,'d',16.2753, 73.7066,0,0),
        ('Karad', 14,1,'d',17.2760, 74.2003,0,0),
        ('Karjat', 14,1,'d',18.9192, 73.3277,0,0),
        ('Katol', 14,1,'d',21.2733, 78.5860,0,0),
        ('Kolhapur', 14,1,'d',16.7050, 74.2433,0,0),
        ('Latur', 14,1,'d',18.4088, 76.5604,0,0),
        ('Mumbai', 14,1,'d',19.0760, 72.8777,0,0),
	('Nagpur', 14, 1,'the seat of the annual winter session of the Maharashtra state assembly, "Vidhan Sabha". It is a major commercial and political centre of the Vidarbha region of Maharashtra. In addition, the city derives political importance from being the headquarters for the Hindu nationalist organisation RSS and an important location for the Dalit Buddhist movement.
        According to a survey by ABP News-Ipsos, Nagpur has been identified as the best city in India by topping the liveability, greenery,public transport, and health care indices. The city has been adjudged as the 20th cleanest city in India and the top mover in the western zone as per Swachh Sarvekshan 2016.',21.1458,79.0882,15000,0),
        ('Nanded', 14,1,'d',19.1383, 77.3210,0,0),
        ('Nandurbar', 14,1,'d',21.7469, 74.1240,0,0),
        ('Nashik', 14,1,'d',19.9975, 73.7898,0,0),
        ('Navi Mumbai', 14,1,'d',19.0330, 73.0297,0,0),
        ('Osmanabad', 14,1,'d',18.2070, 76.1784,0,0),
        ('Palghar', 14,1,'d',19.6936, 72.7655,0,0),
        ('Parbhani', 14,1,'d',19.2644, 76.6413,0,0),
        ('Pune', 14,1,'d',18.5204, 73.8567,0,0),
        ('Raigad', 14,1,'d',18.5158, 73.1822,0,0),
        ('Ratnagiri', 14,1,'d',17.2478, 73.3709,0,0),
        ('Sangli', 14,1,'d',16.8524, 74.5815,0,0),
        ('Satara', 14,1,'d',17.6805, 74.0183,0,0),
        ('Sindhudurg', 14,1,'d',16.3492, 73.5594,0,0);

-- # Co_ordinate Master
-- 	INSERT INTO co_ordinate (location_id, latitude, longitude, deleted)
-- VALUES
--      (1, '21.139828099999995', '79.0798473', 0),
--      (1, '21.1201734', '79.0728951', 0),
--      (1, '21.1202535', '79.0736246', 0),
--      (1, '21.120773899999996', '79.0748692', 0),
--      (1, '21.121334300000004', '79.076972', 0),
--      (1, '21.121694599999998', '79.0788603', 0),
--      (1, '21.122095', '79.0800619', 0),
--      (1, '21.124216600000004', '79.081049', 0),
--      (1, '21.1266585', '79.0822506', 0),
--      (1, '21.1274191', '79.08255100000001', 0),
--      (1, '21.129660800000003', '79.0827656', 0),
--      (1, '21.131262000000003', '79.0829802', 0),
--      (1, '21.1335036', '79.0838385', 0),
--      (1, '21.138387100000003', '79.0862417', 0),
--      (1, '21.1394278', '79.0855122', 0),
--      (1, '21.1402684', '79.0842247', 0),
--      (1, '21.140588599999997', '79.0837955', 0),
--      (1, '21.1407087', '79.0832806', 0),
--      (1, '21.1406286', '79.0826797', 0),
--      (1, '21.140388500000004', '79.0818644', 0),
--      (1, '21.139828099999995', '79.0798473', 0),
--      (2, '21.073085', '78.992499', 0),
--      (2, '21.084393', '78.998619', 0),
--      (2, '21.088137', '79.001272', 0),
--      (2, '21.093542', '79.001787', 0),
--      (2, '21.095175', '79.002126', 0),
--      (2, '21.096065', '79.003581', 0),
--      (2, '21.096069', '79.005036', 0),
--      (2, '21.095017', '79.006610', 0),
--      (2, '21.094713', '79.006278', 0),
--      (2, '21.092844', '79.007484', 0),
--      (2, '21.080507', '79.011229', 0),
--      (2, '21.077152', '79.013223', 0),
--      (2, '21.074634', '79.012407', 0),
--      (2, '21.063962', '79.004686', 0),
--      (2, '21.063729', '79.004775', 0),
--      (2, '21.063729', '79.003199', 0),
--      (2, '21.066111', '78.999684', 0),
--      (2, '21.066590', '78.998228', 0),
--      (2, '21.066898', '78.992833', 0),
--      (2, '21.073085', '78.992499', 0),
--      (3, '21.1413091', '79.0803623', 0),
--      (3, '21.137266300000004', '79.0664577', 0),
--      (3, '21.135144800000003', '79.0669727', 0),
--      (3, '21.1337839', '79.0671015', 0), 
--      (3, '21.1336638', '79.0681744', 0), 
--      (3, '21.1318625', '79.0680456', 0), 
--      (3, '21.1334236', '79.0725946', 0), 
--      (3, '21.1337839', '79.0777445', 0), 
--      (3, '21.133583700000003', '79.0784311', 0), 
--      (3, '21.1347846', '79.07898900000002', 0), 
--      (3, '21.1349447', '79.0782166', 0), 
--      (3, '21.1413091', '79.0803623', 0),     
--      (4, '21.110307', '79.050364', 0),
--      (4, '21.109787', '79.056844', 0),
--      (4, '21.113630', '79.056844', 0),
--      (4, '21.112069', '79.065084', 0),
--      (4, '21.109066', '79.062123', 0),
--      (4, '21.108145', '79.062895', 0),
--      (4, '21.105303', '79.065213', 0),
--      (4, '21.104582', '79.064354', 0),
--      (4, '21.105103', '79.050879', 0),
--      (4, '21.105463', '79.049033', 0),
--      (4, '21.110307', '79.050364', 0),
--      (5, '21.116308', '79.018767', 0),
--      (5, '21.117589', '79.026835', 0),
--      (5, '21.113505', '79.026277', 0),
--      (5, '21.112825', '79.026535', 0),
--      (5, '21.112545', '79.027522', 0),
--      (5, '21.114146', '79.029281', 0),
--      (5, '21.112184', '79.028981', 0),
--      (5, '21.110663', '79.029582', 0),
--      (5, '21.110943', '79.029710', 0),
--      (5, '21.106299', '79.033573', 0),
--      (5, '21.106579', '79.030912', 0),
--      (5, '21.106339', '79.028938', 0),
--      (5, '21.103016', '79.029152', 0),
--      (5, '21.105098', '79.019797', 0),
--      (5, '21.107220', '79.018381', 0),
--      (5, '21.110743', '79.018509', 0),
--      (5, '21.112945', '79.020097', 0),
--      (5, '21.112945', '79.020097', 0),
--      (5, '21.116308', '79.018767', 0),
--      (6, '21.096624', '79.066581', 0),	
--      (6, '21.097544', '79.070572', 0),	
--      (6, '21.096543', '79.074820', 0),	
--      (6, '21.093740', '79.083403', 0),	
--      (6, '21.089897', '79.081901', 0),
--      (6, '21.090978', '79.078983', 0),
--      (6, '21.089336', '79.078597', 0),
--      (6, '21.089576', '79.077695', 0),
--      (6, '21.091018', '79.077910', 0),
--      (6, '21.091298', '79.076365', 0),
--      (6, '21.089136', '79.075721', 0),
--      (6, '21.089336', '79.074219', 0),
--      (6, '21.087454', '79.073447', 0),
--      (6, '21.087454', '79.073447', 0),
--      (6, '21.088295', '79.069413', 0),
--      (6, '21.089737', '79.067160', 0),
--      (6, '21.093821', '79.068791', 0),
--      (6, '21.094742', '79.066044', 0),
--      (6, '21.096624', '79.066581', 0);
-- 

# Country Master 
	INSERT INTO country (name, calling_code,description, latitude,longitude,deleted)
VALUES 
	('India','+91','',20.5937,78.9629,0),
	('UK','+44','',55.3781,3.4360,0),
	('USA','+1','',37.0902,95.7129,0),
        ('Egypt','+20','',26.8206,30.8025,0);

# Developer Master
-- 	INSERT INTO developer (user_id, name, phone_number1, phone_number2, mobile_number1, mobile_number2, description, address, deleted)
-- VALUES
-- 	(1, 'Ashtavinayak Developers', 456893, 158468, 9632058741, 9874563201, 'Residential Apartment', 'Wardha Road , Khamla', 0),
-- 	(2, 'Aniket Developers', 516789, 653468, 9874563201, 9513574785, 'Residential Apartment', 'Amravati Road, Wadi', 0),
-- 	(3, 'MadanMohan Developers and Builders', 895324, 156878, 9513574682, 9638576310, 'Residential Apartment', 'Umred Road , Manewada', 0),
--      (4, 'Abhilasha Constructions', 895327, 196878, 9513574685, 9638576317, 'Residential Apartment', 'Bhandara Road , Gandhinagar', 0);
-- 
# Enquiry Master
	INSERT INTO enquiry (name, description, email, deleted)
VALUES
	('Pratik ', 'Agent', 'pratik@yahoo.com', 0),
	('Gajanan', 'Agent', 'gajanan@rediffmail.com', 0),
	('Nirmal', 'Builder', 'nirmal@gmail.com', 0),
        ('Pratiksha ', 'CostumeDesigner', 'pratiksha@yahoo.com', 0);

# Event Master
	INSERT INTO event (id, name, venue, description, date, deleted)
VALUES
        (1,'asdass',NULL,NULL,'1970-01-01 05:30:00',1),
        (2,'dddggd',NULL,NULL,NULL,1),
        (3,'fff',NULL,NULL,NULL,1),
        (4,'d',NULL,NULL,NULL,1),
        (5,'drg',NULL,NULL,NULL,1),
        (6,'dffd',NULL,NULL,NULL,1),
        (7,'f','hh','ttfesd',NULL,1),
        (8,'g','sdds','sg',NULL,1),
        (9,'hhh','gg','gg',NULL,1),
        (10,'fd','x','dff',NULL,1),
        (11,'dgd','gg','gddg',NULL,1),
        (12,'ff','ff','ff',NULL,1),
        (13,'hjjh','hjj','hh',NULL,1),
        (14,'df','f','f','2016-08-30 00:00:00',1),
        (15,'f','sf','sd','2016-09-15 00:00:00',1),
        (16,'abc','abc','xyz','2016-10-18 00:00:00',0);

# Franchise Master
	INSERT INTO franchise (name, address, city_id, location_id, email, phone_number1, phone_number2, fax, deleted)
VALUES
	('Kamal & sons ', 'Khamla', 1, 4, 'kamalandsons@kamalandsons.com', 789654, 123654, 6216846, 0),
	('Anil Real Estate', 'Ramdaspeth', 1, 3, 'anilestate@anilrealestate.com', 54684565, 615848, 5468468, 0);

# Hospital Master
	INSERT INTO hospital (name, speciality, service, location_id, deleted)
VALUES 
        ('abc','xyz','abc',4,0);

# Income_slab Master
        INSERT INTO income_slab (min_range, max_range, bank_id, percentage_deduction, deleted)
VALUES 
        (120000, 300000, 1, 30, 0),
        (300001, 500000, 1, 50, 0),
        (500001, 800000, 1, 60, 0),
        (800001, 1000000, 1, 65, 0),
        (1000001, 9999999999, 1, 70, 0);

# Location Master
	INSERT INTO location (id, name, description, city_id, location_type_id, location_categories, safedeal_zone_id, major_approach_road, advantage, disadvantage, population, latitude, longitude, source_of_water, public_transport, migration_rate_per_annum, distance_from_centre_of_city, is_commercial_center, distance_from_commercial_center, image_url, deleted)
VALUES
        
        (1,'Besa','desc123',78,1,'[1,2]',1,'Wardha road','advantage12345','disadvantage12345',9000,21.08927,79.089928,'CORPORATION_SUPPLY','REGULAR',NULL,NULL,0,NULL,NULL,0),
        (2,'Bezanbagh','desc123',78,1,'[1,2]',1,'Wardha road','advantage12345','disadvantage12345',9000,21.1742,79.0949,'CORPORATION_SUPPLY','REGULAR',NULL,NULL,0,NULL,NULL,0),
        (3,'Bhagwan Nagar','desc123',78,1,'[1,2]',1,'Wardha road','advantage12345','disadvantage12345',9000,21.1102,79.0921,'CORPORATION_SUPPLY','REGULAR',NULL,NULL,0,NULL,NULL,0),
        (4,'Bhamati','desc123',78,1,'[1,2]',1,'Wardha road','advantage12345','disadvantage12345',9000,21.110474,79.042623,'CORPORATION_SUPPLY','REGULAR',NULL,NULL,0,NULL,NULL,0),
        (5,'Bharat Nagar','desc123',78,1,'[1,2]',1,'Wardha road','advantage12345','disadvantage12345',9000,21.1528,79.049,'CORPORATION_SUPPLY','REGULAR',NULL,NULL,0,NULL,NULL,0),
        (6,'Bhandewadi','desc123',78,1,'[1,2]',1,'Wardha road','advantage12345','disadvantage12345',9000,21.1462,79.1626,'CORPORATION_SUPPLY','REGULAR',NULL,NULL,0,NULL,NULL,0),
        (7,'Bharatwada','desc123',78,1,'[1,2]',1,'Wardha road','advantage12345','disadvantage12345',9000,21.1636,79.1679,'CORPORATION_SUPPLY','REGULAR',NULL,NULL,0,NULL,NULL,0),
        (8,'Bidipeth','desc123',78,1,'[1,2]',1,'Wardha road','advantage12345','disadvantage12345',9000,21.113395,79.119042,'CORPORATION_SUPPLY','REGULAR',NULL,NULL,0,NULL,NULL,0),
        (9,'Binaki','desc123',78,1,'[1,2]',1,'Wardha road','advantage12345','disadvantage12345',9000,21.1696,79.1272,'CORPORATION_SUPPLY','REGULAR',NULL,NULL,0,NULL,NULL,0),
        (10,'Borgaon','desc123',78,1,'[1,2]',1,'Wardha road','advantage12345','disadvantage12345',9000,21.1801,79.0521,'CORPORATION_SUPPLY','REGULAR',NULL,NULL,0,NULL,NULL,0),
        (11,'ButiBori','desc123',78,1,'[1,2]',1,'Wardha road','advantage12345','disadvantage12345',9000,20.9312,79.0057,'CORPORATION_SUPPLY','REGULAR',NULL,NULL,0,NULL,NULL,0),
        (12,'Chaoni','desc123',78,1,'[1,2]',1,'Wardha road','advantage12345','disadvantage12345',9000,21.1679,79.079,'CORPORATION_SUPPLY','REGULAR',NULL,NULL,0,NULL,NULL,0),
        (13,'Byramji Town','desc123',78,1,'[1,2]',1,'Wardha road','advantage12345','disadvantage12345',9000,21.1733,79.0822,'CORPORATION_SUPPLY','REGULAR',NULL,NULL,0,NULL,NULL,0),
        (14,'Chatrapati Nagar','desc123',78,1,'[1,2]',1,'Wardha road','advantage12345','disadvantage12345',9000,21.108,79.0723,'CORPORATION_SUPPLY','REGULAR',NULL,NULL,0,NULL,NULL,0),
        (15,'Chargaon','desc123',78,1,'[1,2]',1,'Wardha road','advantage12345','disadvantage12345',9000,21.2649,78.7501,'CORPORATION_SUPPLY','REGULAR',NULL,NULL,0,NULL,NULL,0),
        (16,'Chhaprunagar','desc123',78,1,'[1,2]',1,'Wardha road','advantage12345','disadvantage12345',9000,21.1485,79.127,'CORPORATION_SUPPLY','REGULAR',NULL,NULL,0,NULL,NULL,0),
        (17,'Chikhali (Khurd)','desc123',78,1,'[1,2]',1,'Wardha road','advantage12345','disadvantage12345',9000,21.779,78.2989,'CORPORATION_SUPPLY','REGULAR',NULL,NULL,0,NULL,NULL,0),
        (18,'Chinchbhuvan','desc123',78,1,'[1,2]',1,'Wardha road','advantage12345','disadvantage12345',9000,21.0674,79.0586,'CORPORATION_SUPPLY','REGULAR',NULL,NULL,0,NULL,NULL,0),
        (19,'Civil lines','desc123',78,1,'[1,2]',1,'Wardha road','advantage12345','disadvantage12345',9000,21.1529,79.073,'CORPORATION_SUPPLY','REGULAR',NULL,NULL,0,NULL,NULL,0),
        (20,'CRPF Camp','desc123',78,1,'[1,2]',1,'Wardha road','advantage12345','disadvantage12345',9000,21.1188,79.0198,'CORPORATION_SUPPLY','REGULAR',NULL,NULL,0,NULL,NULL,0),
        (21,'Dabha','desc123',78,1,'[1,2]',1,'Wardha road','advantage12345','disadvantage12345',9000,21.1668,79.0145,'CORPORATION_SUPPLY','REGULAR',NULL,NULL,0,NULL,NULL,0),
        (22,'Dattatray Nagar','desc123',78,1,'[1,2]',1,'Wardha road','advantage12345','disadvantage12345',9000,21.1165,79.1132,'CORPORATION_SUPPLY','REGULAR',NULL,NULL,0,NULL,NULL,0),
        (23,'Dattawadi','desc123',78,1,'[1,2]',1,'Wardha road','advantage12345','disadvantage12345',9000,21.1591,78.9882,'CORPORATION_SUPPLY','REGULAR',NULL,NULL,0,NULL,NULL,0),
        (24,'Dhantoli','desc123',78,1,'[1,2]',1,'Wardha road','advantage12345','disadvantage12345',9000,21.1313,79.08,'CORPORATION_SUPPLY','REGULAR',NULL,NULL,0,NULL,NULL,0),
        (25,'DeoNagar','desc123',78,1,'[1,2]',1,'Wardha road','advantage12345','disadvantage12345',9000,21.1154,79.0684,'CORPORATION_SUPPLY','REGULAR',NULL,NULL,0,NULL,NULL,0),
        (26,'Digdoh','desc123',78,1,'[1,2]',1,'Wardha road','advantage12345','disadvantage12345',9000,21.1077,79.0108,'CORPORATION_SUPPLY','REGULAR',NULL,NULL,0,NULL,NULL,0),
        (27,'Dharampeth','desc123',78,1,'[1,2]',1,'Wardha road','advantage12345','disadvantage12345',9000,21.1397,79.0631,'CORPORATION_SUPPLY','REGULAR',NULL,NULL,0,NULL,NULL,0),
        (28,'Dighori','desc123',78,1,'[1,2]',1,'Wardha road','advantage12345','disadvantage12345',9000,21.1071,79.1379,'CORPORATION_SUPPLY','REGULAR',NULL,NULL,0,NULL,NULL,0),
        (29,'Dindayal Nagar','desc123',78,1,'[1,2]',1,'Wardha road','advantage12345','disadvantage12345',9000,21.1094,79.0483,'CORPORATION_SUPPLY','REGULAR',NULL,NULL,0,NULL,NULL,0),
        (30,'Friends Colony','desc123',78,1,'[1,2]',1,'Wardha road','advantage12345','disadvantage12345',9000,21.1737,79.0427,'CORPORATION_SUPPLY','REGULAR',NULL,NULL,0,NULL,NULL,0),
        (31,'Futala','desc123',78,1,'[1,2]',1,'Wardha road','advantage12345','disadvantage12345',9000,21.1535,79.0452,'CORPORATION_SUPPLY','REGULAR',NULL,NULL,0,NULL,NULL,0),
        (32,'Gajanan Nagar','desc123',78,1,'[1,2]',1,'Wardha road','advantage12345','disadvantage12345',9000,21.1119,79.0754,'CORPORATION_SUPPLY','REGULAR',NULL,NULL,0,NULL,NULL,0),
        (33,'Gandhibagh','desc123',78,1,'[1,2]',1,'Wardha road','advantage12345','disadvantage12345',9000,21.1504,79.1026,'CORPORATION_SUPPLY','REGULAR',NULL,NULL,0,NULL,NULL,0),
        (34,'Ganesh Nagar','desc123',78,1,'[1,2]',1,'Wardha road','advantage12345','disadvantage12345',9000,21.1366,79.1167,'CORPORATION_SUPPLY','REGULAR',NULL,NULL,0,NULL,NULL,0),
        (35,'Ganeshpeth','desc123',78,1,'[1,2]',1,'Wardha road','advantage12345','disadvantage12345',9000,21.1412,79.097,'CORPORATION_SUPPLY','REGULAR',NULL,NULL,0,NULL,NULL,0),
        (36,'Ghat Road','desc123',78,1,'[1,2]',1,'Wardha road','advantage12345','disadvantage12345',9000,21.14996,79.07802,'CORPORATION_SUPPLY','REGULAR',NULL,NULL,0,NULL,NULL,0),
        (37,'Gorepeth','desc123',78,1,'[1,2]',1,'Wardha road','advantage12345','disadvantage12345',9000,21.1425,79.0716,'CORPORATION_SUPPLY','REGULAR',NULL,NULL,0,NULL,NULL,0),
        (38,'Gittikhadan','desc123',78,1,'[1,2]',1,'Wardha road','advantage12345','disadvantage12345',9000,21.1719,79.0506,'CORPORATION_SUPPLY','REGULAR',NULL,NULL,0,NULL,NULL,0),
        (39,'Godhani','desc123',78,1,'[1,2]',1,'Wardha road','advantage12345','disadvantage12345',9000,21.2115,79.0686,'CORPORATION_SUPPLY','REGULAR',NULL,NULL,0,NULL,NULL,0),
        (40,'Gokulpeth','desc123',78,1,'[1,2]',1,'Wardha road','advantage12345','disadvantage12345',9000,21.1438,79.0581,'CORPORATION_SUPPLY','REGULAR',NULL,NULL,0,NULL,NULL,0),
        (41,'Gopal Nagar','desc123',78,1,'[1,2]',1,'Wardha road','advantage12345','disadvantage12345',9000,21.117,79.0525,'CORPORATION_SUPPLY','REGULAR',NULL,NULL,0,NULL,NULL,0),
        (42,'Gorewada','desc123',78,1,'[1,2]',1,'Wardha road','advantage12345','disadvantage12345',9000,21.1962,79.0377,'CORPORATION_SUPPLY','REGULAR',NULL,NULL,0,NULL,NULL,0),
        (43,'Gurudeo Nagar','desc123',78,1,'[1,2]',1,'Wardha road','advantage12345','disadvantage12345',9000,21.129,79.1213,'CORPORATION_SUPPLY','REGULAR',NULL,NULL,0,NULL,NULL,0),
        (44,'Hansapuri','desc123',78,1,'[1,2]',1,'Wardha road','advantage12345','disadvantage12345',9000,21.1553,79.0991,'CORPORATION_SUPPLY','REGULAR',NULL,NULL,0,NULL,NULL,0),
        (45,'Hanuman Nagar','desc123',78,1,'[1,2]',1,'Wardha road','advantage12345','disadvantage12345',9000,21.1296,79.099,'CORPORATION_SUPPLY','REGULAR',NULL,NULL,0,NULL,NULL,0),
        (46,'Hazari Pahad','desc123',78,1,'[1,2]',1,'Wardha road','advantage12345','disadvantage12345',9000,21.1695,79.038,'CORPORATION_SUPPLY','REGULAR',NULL,NULL,0,NULL,NULL,0),
        (47,'Hindustan Colony','desc123',78,1,'[1,2]',1,'Wardha road','advantage12345','disadvantage12345',9000,21.1145,79.0727,'CORPORATION_SUPPLY','REGULAR',NULL,NULL,0,NULL,NULL,0),
        (48,'Hingna','desc123',78,1,'[1,2]',1,'Wardha road','advantage12345','disadvantage12345',9000,21.0735,78.9613,'CORPORATION_SUPPLY','REGULAR',NULL,NULL,0,NULL,NULL,0),
        (49,'Hivri','desc123',78,1,'[1,2]',1,'Wardha road','advantage12345','disadvantage12345',9000,21.150456,79.136665,'CORPORATION_SUPPLY','REGULAR',NULL,NULL,0,NULL,NULL,0),
        (50,'Indora','desc123',78,1,'[1,2]',1,'Wardha road','advantage12345','disadvantage12345',9000,21.1748,79.0987,'CORPORATION_SUPPLY','REGULAR',NULL,NULL,0,NULL,NULL,0),
        (51,'Hudkeshwar','desc123',78,1,'[1,2]',1,'Wardha road','advantage12345','disadvantage12345',9000,21.084245,79.095639,'CORPORATION_SUPPLY','REGULAR',NULL,NULL,0,NULL,NULL,0),
        (52,'Itwari','desc123',78,1,'[1,2]',1,'Wardha road','advantage12345','disadvantage12345',9000,21.1539,79.1111,'CORPORATION_SUPPLY','REGULAR',NULL,NULL,0,NULL,NULL,0),
        (53,'Jaiprakash Nagar','desc123',78,1,'[1,2]',1,'Wardha road','advantage12345','disadvantage12345',9000,21.1016,79.0652,'CORPORATION_SUPPLY','REGULAR',NULL,NULL,0,NULL,NULL,0),
        (54,'Jaitala','desc123',78,1,'[1,2]',1,'Wardha road','advantage12345','disadvantage12345',9000,21.11,79.0235,'CORPORATION_SUPPLY','REGULAR',NULL,NULL,0,NULL,NULL,0),
        (55,'Jamtha','desc123',78,1,'[1,2]',1,'Wardha road','advantage12345','disadvantage12345',9000,21.0071,79.0476,'CORPORATION_SUPPLY','REGULAR',NULL,NULL,0,NULL,NULL,0),
        (56,'Jaripatka','desc123',78,1,'[1,2]',1,'Wardha road','advantage12345','disadvantage12345',9000,21.1821,79.086,'CORPORATION_SUPPLY','REGULAR',NULL,NULL,0,NULL,NULL,0),
        (57,'Jogi nagar','desc123',78,1,'[1,2]',1,'Wardha road','advantage12345','disadvantage12345',9000,21.105339,79.084179,'CORPORATION_SUPPLY','REGULAR',NULL,NULL,0,NULL,NULL,0),
        (58,'K T Nagar','desc123',78,1,'[1,2]',1,'Wardha road','advantage12345','disadvantage12345',9000,21.1754,79.0468,'CORPORATION_SUPPLY','REGULAR',NULL,NULL,0,NULL,NULL,0),
        (59,'Kachimet','desc123',78,1,'[1,2]',1,'Wardha road','advantage12345','disadvantage12345',9000,21.1433,79.0165,'CORPORATION_SUPPLY','REGULAR',NULL,NULL,0,NULL,NULL,0),
        (60,'Kalmana','desc123',78,1,'[1,2]',1,'Wardha road','advantage12345','disadvantage12345',9000,21.1679,79.141,'CORPORATION_SUPPLY','REGULAR',NULL,NULL,0,NULL,NULL,0),
        (61,'Kalmeshwar','desc123',78,1,'[1,2]',1,'Wardha road','advantage12345','disadvantage12345',9000,21.2335,78.9119,'CORPORATION_SUPPLY','REGULAR',NULL,NULL,0,NULL,NULL,0),
        (62,'Khamla','desc123',78,1,'[1,2]',1,'Wardha road','advantage12345','disadvantage12345',9000,21.1092,79.0574,'CORPORATION_SUPPLY','REGULAR',NULL,NULL,0,NULL,NULL,0),
        (63,'Khapri','desc123',78,1,'[1,2]',1,'Wardha road','advantage12345','disadvantage12345',9000,21.0495,79.0433,'CORPORATION_SUPPLY','REGULAR',NULL,NULL,0,NULL,NULL,0),
        (64,'Kingsway','desc123',78,1,'[1,2]',1,'Wardha road','advantage12345','disadvantage12345',9000,21.155131,79.082957,'CORPORATION_SUPPLY','REGULAR',NULL,NULL,0,NULL,NULL,0),
        (65,'Kinhi','desc123',78,1,'[1,2]',1,'Wardha road','advantage12345','disadvantage12345',9000,20.355358,78.082308,'CORPORATION_SUPPLY','REGULAR',NULL,NULL,0,NULL,NULL,0),
        (66,'Koradi Colony','desc123',78,1,'[1,2]',1,'Wardha road','advantage12345','disadvantage12345',9000,21.1645,79.0822,'CORPORATION_SUPPLY','REGULAR',NULL,NULL,0,NULL,NULL,0),
        (67,'Kotwal Nagar','desc123',78,1,'[1,2]',1,'Wardha road','advantage12345','disadvantage12345',9000,21.1182,79.0603,'CORPORATION_SUPPLY','REGULAR',NULL,NULL,0,NULL,NULL,0),
        (68,'Kukreja Nagar','desc123',78,1,'[1,2]',1,'Wardha road','advantage12345','disadvantage12345',9000,21.1859,79.0909,'CORPORATION_SUPPLY','REGULAR',NULL,NULL,0,NULL,NULL,0),
        (69,'Ladpura','desc123',78,1,'[1,2]',1,'Wardha road','advantage12345','disadvantage12345',9000,21.152199,79.113527,'CORPORATION_SUPPLY','REGULAR',NULL,NULL,0,NULL,NULL,0),
        (70,'Lakadganj','desc123',78,1,'[1,2]',1,'Wardha road','advantage12345','disadvantage12345',9000,21.1511,79.1256,'CORPORATION_SUPPLY','REGULAR',NULL,NULL,0,NULL,NULL,0),
        (71,'Laxmi Nagar','desc123',78,1,'[1,2]',1,'Wardha road','advantage12345','disadvantage12345',9000,21.1228,79.0625,'CORPORATION_SUPPLY','REGULAR',NULL,NULL,0,NULL,NULL,0),
        (72,'Lendra','desc123',78,1,'[1,2]',1,'Wardha road','advantage12345','disadvantage12345',9000,21.1358,79.0765,'CORPORATION_SUPPLY','REGULAR',NULL,NULL,0,NULL,NULL,0),
        (73,'Lonara','desc123',78,1,'[1,2]',1,'Wardha road','advantage12345','disadvantage12345',9000,21.1935,78.8577,'CORPORATION_SUPPLY','REGULAR',NULL,NULL,0,NULL,NULL,0),
        (74,'Mahalaxmi Nagar','desc123',78,1,'[1,2]',1,'Wardha road','advantage12345','disadvantage12345',9000,21.1078,79.1051,'CORPORATION_SUPPLY','REGULAR',NULL,NULL,0,NULL,NULL,0),
        (75,'Mahal','desc123',78,1,'[1,2]',1,'Wardha road','advantage12345','disadvantage12345',9000,21.1433,79.1069,'CORPORATION_SUPPLY','REGULAR',NULL,NULL,0,NULL,NULL,0),
        (76,'Manewada','desc123',78,1,'[1,2]',1,'Wardha road','advantage12345','disadvantage12345',9000,21.096,79.1058,'CORPORATION_SUPPLY','REGULAR',NULL,NULL,0,NULL,NULL,0),
        (77,'Mhalgi Nagar','desc123',78,1,'[1,2]',1,'Wardha road','advantage12345','disadvantage12345',9000,21.1069,79.1231,'CORPORATION_SUPPLY','REGULAR',NULL,NULL,0,NULL,NULL,0),
        (78,'Mangalwari','desc123',78,1,'[1,2]',1,'Wardha road','advantage12345','disadvantage12345',9000,21.1454,79.1167,'CORPORATION_SUPPLY','REGULAR',NULL,NULL,0,NULL,NULL,0),
        (79,'Manish Nagar','desc123',78,1,'[1,2]',1,'Wardha road','advantage12345','disadvantage12345',9000,21.0938,79.075,'CORPORATION_SUPPLY','REGULAR',NULL,NULL,0,NULL,NULL,0),
        (80,'Mankapur','desc123',78,1,'[1,2]',1,'Wardha road','advantage12345','disadvantage12345',9000,21.1856,79.0805,'CORPORATION_SUPPLY','REGULAR',NULL,NULL,0,NULL,NULL,0),
        (81,'Maskasath ','desc123',78,1,'[1,2]',1,'Wardha road','advantage12345','disadvantage12345',9000,21.1553,79.112,'CORPORATION_SUPPLY','REGULAR',NULL,NULL,0,NULL,NULL,0),
        (82,'Narsala','desc123',78,1,'[1,2]',1,'Wardha road','advantage12345','disadvantage12345',9000,21.0906,79.1337,'CORPORATION_SUPPLY','REGULAR',NULL,NULL,0,NULL,NULL,0),
        (83,'Medical Sqaure','desc123',78,1,'[1,2]',1,'Wardha road','advantage12345','disadvantage12345',9000,21.13125,79.097596,'CORPORATION_SUPPLY','REGULAR',NULL,NULL,0,NULL,NULL,0),
        (84,'MIDC','desc123',78,1,'[1,2]',1,'Wardha road','advantage12345','disadvantage12345',9000,20.9286,79.0012,'CORPORATION_SUPPLY','REGULAR',NULL,NULL,0,NULL,NULL,0),
        (85,'Mecosabagh','desc123',78,1,'[1,2]',1,'Wardha road','advantage12345','disadvantage12345',9000,21.173,79.0885,'CORPORATION_SUPPLY','REGULAR',NULL,NULL,0,NULL,NULL,0),
        (86,'Mihan','desc123',78,1,'[1,2]',1,'Wardha road','advantage12345','disadvantage12345',9000,21.059,79.0306,'CORPORATION_SUPPLY','REGULAR',NULL,NULL,0,NULL,NULL,0),
        (87,'Mohan nagar','desc123',78,1,'[1,2]',1,'Wardha road','advantage12345','disadvantage12345',9000,21.1595,79.0843,'CORPORATION_SUPPLY','REGULAR',NULL,NULL,0,NULL,NULL,0),
        (88,'Mominpura','desc123',78,1,'[1,2]',1,'Wardha road','advantage12345','disadvantage12345',9000,21.1557,79.0942,'CORPORATION_SUPPLY','REGULAR',NULL,NULL,0,NULL,NULL,0),
        (89,'Motibagh','desc123',78,1,'[1,2]',1,'Wardha road','advantage12345','disadvantage12345',9000,21.1623,79.0918,'CORPORATION_SUPPLY','REGULAR',NULL,NULL,0,NULL,NULL,0),
        (90,'Narendra Nagar','desc123',78,1,'[1,2]',1,'Wardha road','advantage12345','disadvantage12345',9000,21.1041,79.0773,'CORPORATION_SUPPLY','REGULAR',NULL,NULL,0,NULL,NULL,0),
        (91,'Nari','desc123',78,1,'[1,2]',1,'Wardha road','advantage12345','disadvantage12345',9000,21.188882,79.109815,'CORPORATION_SUPPLY','REGULAR',NULL,NULL,0,NULL,NULL,0),
        (92,'Nandanvan','desc123',78,1,'[1,2]',1,'Wardha road','advantage12345','disadvantage12345',9000,21.1413,79.1267,'CORPORATION_SUPPLY','REGULAR',NULL,NULL,0,NULL,NULL,0),
        (93,'New Colony','desc123',78,1,'[1,2]',1,'Wardha road','advantage12345','disadvantage12345',9000,21.1708,79.084,'CORPORATION_SUPPLY','REGULAR',NULL,NULL,0,NULL,NULL,0),
        (94,'Nirmal Nagar','desc123',78,1,'[1,2]',1,'Wardha road','advantage12345','disadvantage12345',9000,21.1231,79.1245,'CORPORATION_SUPPLY','REGULAR',NULL,NULL,0,NULL,NULL,0),
        (95,'Omkar Nagar','desc123',78,1,'[1,2]',1,'Wardha road','advantage12345','disadvantage12345',9000,21.1002,79.0922,'CORPORATION_SUPPLY','REGULAR',NULL,NULL,0,NULL,NULL,0),
        (96,'Panchpaoli','desc123',78,1,'[1,2]',1,'Wardha road','advantage12345','disadvantage12345',9000,21.1523,79.0931,'CORPORATION_SUPPLY','REGULAR',NULL,NULL,0,NULL,NULL,0),
        (97,'Pandey Layout','desc123',78,1,'[1,2]',1,'Wardha road','advantage12345','disadvantage12345',9000,21.1074,79.0638,'CORPORATION_SUPPLY','REGULAR',NULL,NULL,0,NULL,NULL,0),
        (98,'Pandharabodi','desc123',78,1,'[1,2]',1,'Wardha road','advantage12345','disadvantage12345',9000,20.8271,79.2916,'CORPORATION_SUPPLY','REGULAR',NULL,NULL,0,NULL,NULL,0),
        (99,'Pannase Layout','desc123',78,1,'[1,2]',1,'Wardha road','advantage12345','disadvantage12345',9000,21.1069,79.0409,'CORPORATION_SUPPLY','REGULAR',NULL,NULL,0,NULL,NULL,0),
        (100,'Pardi','desc123',78,1,'[1,2]',1,'Wardha road','advantage12345','disadvantage12345',9000,21.1462,79.152,'CORPORATION_SUPPLY','REGULAR',NULL,NULL,0,NULL,NULL,0),
        (101,'Pipla','desc123',78,1,'[1,2]',1,'Wardha road','advantage12345','disadvantage12345',9000,21.0802,79.1203,'CORPORATION_SUPPLY','REGULAR',NULL,NULL,0,NULL,NULL,0),
        (102,'Parsodi','desc123',78,1,'[1,2]',1,'Wardha road','advantage12345','disadvantage12345',9000,21.1197,79.0377,'CORPORATION_SUPPLY','REGULAR',NULL,NULL,0,NULL,NULL,0),
        (103,'Police Line Takali','desc123',78,1,'[1,2]',1,'Wardha road','advantage12345','disadvantage12345',9000,21.1778,79.0716,'CORPORATION_SUPPLY','REGULAR',NULL,NULL,0,NULL,NULL,0),
        (104,'Pratap Nagar','desc123',78,1,'[1,2]',1,'Wardha road','advantage12345','disadvantage12345',9000,21.117,79.0541,'CORPORATION_SUPPLY','REGULAR',NULL,NULL,0,NULL,NULL,0),
        (105,'Raghuji Nagar','desc123',78,1,'[1,2]',1,'Wardha road','advantage12345','disadvantage12345',9000,21.1263,79.1115,'CORPORATION_SUPPLY','REGULAR',NULL,NULL,0,NULL,NULL,0),
        (106,'Rajendra Nagar','desc123',78,1,'[1,2]',1,'Wardha road','advantage12345','disadvantage12345',9000,21.1181,79.0242,'CORPORATION_SUPPLY','REGULAR',NULL,NULL,0,NULL,NULL,0),
        (107,'Rajnagar','desc123',78,1,'[1,2]',1,'Wardha road','advantage12345','disadvantage12345',9000,21.1723,79.0772,'CORPORATION_SUPPLY','REGULAR',NULL,NULL,0,NULL,NULL,0),
        (108,'Ram Nagar','desc123',78,1,'[1,2]',1,'Wardha road','advantage12345','disadvantage12345',9000,21.1403,79.0512,'CORPORATION_SUPPLY','REGULAR',NULL,NULL,0,NULL,NULL,0),
        (109,'Ramdaspeth','desc123',78,1,'[1,2]',1,'Wardha road','advantage12345','disadvantage12345',9000,21.1358,79.0765,'CORPORATION_SUPPLY','REGULAR',NULL,NULL,0,NULL,NULL,0),
        (110,'Rameshwari','desc123',78,1,'[1,2]',1,'Wardha road','advantage12345','disadvantage12345',9000,21.1165,79.0956,'CORPORATION_SUPPLY','REGULAR',NULL,NULL,0,NULL,NULL,0),
        (111,'Ravi Nagar','desc123',78,1,'[1,2]',1,'Wardha road','advantage12345','disadvantage12345',9000,21.1491,79.055,'CORPORATION_SUPPLY','REGULAR',NULL,NULL,0,NULL,NULL,0),
        (112,'Reshim Bagh','desc123',78,1,'[1,2]',1,'Wardha road','advantage12345','disadvantage12345',9000,21.134,79.1104,'CORPORATION_SUPPLY','REGULAR',NULL,NULL,0,NULL,NULL,0),
        (113,'Sahakar Nagar','desc123',78,1,'[1,2]',1,'Wardha road','advantage12345','disadvantage12345',9000,21.1037,79.0511,'CORPORATION_SUPPLY','REGULAR',NULL,NULL,0,NULL,NULL,0),
        (114,'Sadar','desc123',78,1,'[1,2]',1,'Wardha road','advantage12345','disadvantage12345',9000,21.1633,79.0744,'CORPORATION_SUPPLY','REGULAR',NULL,NULL,0,NULL,NULL,0),
        (115,'Sakkardara','desc123',78,1,'[1,2]',1,'Wardha road','advantage12345','disadvantage12345',9000,21.1288,79.1133,'CORPORATION_SUPPLY','REGULAR',NULL,NULL,0,NULL,NULL,0),
        (116,'Sanjay Nagar','desc123',78,1,'[1,2]',1,'Wardha road','advantage12345','disadvantage12345',9000,21.1173,79.0149,'CORPORATION_SUPPLY','REGULAR',NULL,NULL,0,NULL,NULL,0),
        (117,'Seminary Hills','desc123',78,1,'[1,2]',1,'Wardha road','advantage12345','disadvantage12345',9000,21.1651,79.0574,'CORPORATION_SUPPLY','REGULAR',NULL,NULL,0,NULL,NULL,0),
        (118,'Shankar Nagar','desc123',78,1,'[1,2]',1,'Wardha road','advantage12345','disadvantage12345',9000,21.1336,79.0618,'CORPORATION_SUPPLY','REGULAR',NULL,NULL,0,NULL,NULL,0),
        (119,'Shivaji Nagar','desc123',78,1,'[1,2]',1,'Wardha road','advantage12345','disadvantage12345',9000,21.1364,79.0567,'CORPORATION_SUPPLY','REGULAR',NULL,NULL,0,NULL,NULL,0),
        (120,'Shanti Nagar','desc123',78,1,'[1,2]',1,'Wardha road','advantage12345','disadvantage12345',9000,21.1625,79.1283,'CORPORATION_SUPPLY','REGULAR',NULL,NULL,0,NULL,NULL,0),
        (121,'Shivangaon','desc123',78,1,'[1,2]',1,'Wardha road','advantage12345','disadvantage12345',9000,21.059,79.0306,'CORPORATION_SUPPLY','REGULAR',NULL,NULL,0,NULL,NULL,0),
        (122,'Shradhanand Peth','desc123',78,1,'[1,2]',1,'Wardha road','advantage12345','disadvantage12345',9000,21.1241,79.0584,'CORPORATION_SUPPLY','REGULAR',NULL,NULL,0,NULL,NULL,0),
        (123,'Sidharth Nagar','desc123',78,1,'[1,2]',1,'Wardha road','advantage12345','disadvantage12345',9000,21.1753,79.1089,'CORPORATION_SUPPLY','REGULAR',NULL,NULL,0,NULL,NULL,0),
        (124,'Sitabuldi','desc123',78,1,'[1,2]',1,'Wardha road','advantage12345','disadvantage12345',9000,21.1477,79.0843,'CORPORATION_SUPPLY','REGULAR',NULL,NULL,0,NULL,NULL,0),
        (125,'Sonegaon','desc123',78,1,'[1,2]',1,'Wardha road','advantage12345','disadvantage12345',9000,21.097,79.051,'CORPORATION_SUPPLY','REGULAR',NULL,NULL,0,NULL,NULL,0),
        (126,'Somalwada','desc123',78,1,'[1,2]',1,'Wardha road','advantage12345','disadvantage12345',9000,21.0919,79.0721,'CORPORATION_SUPPLY','REGULAR',NULL,NULL,0,NULL,NULL,0),
        (127,'Subhash Nagar','desc123',78,1,'[1,2]',1,'Wardha road','advantage12345','disadvantage12345',9000,21.1179,79.044,'CORPORATION_SUPPLY','REGULAR',NULL,NULL,0,NULL,NULL,0),
        (128,'Surendra Nagar','desc123',78,1,'[1,2]',1,'Wardha road','advantage12345','disadvantage12345',9000,21.1179,79.0666,'CORPORATION_SUPPLY','REGULAR',NULL,NULL,0,NULL,NULL,0),
        (129,'Surya Nagar','desc123',78,1,'[1,2]',1,'Wardha road','advantage12345','disadvantage12345',9000,21.1506,79.1476,'CORPORATION_SUPPLY','REGULAR',NULL,NULL,0,NULL,NULL,0),
        (130,'Swawlambi Nagar','desc123',78,1,'[1,2]',1,'Wardha road','advantage12345','disadvantage12345',9000,21.1048,79.0421,'CORPORATION_SUPPLY','REGULAR',NULL,NULL,0,NULL,NULL,0),
        (131,'Takali seem','desc123',78,1,'[1,2]',1,'Wardha road','advantage12345','disadvantage12345',9000,21.1199,79.0299,'CORPORATION_SUPPLY','REGULAR',NULL,NULL,0,NULL,NULL,0),
        (132,'Taj Bagh','desc123',78,1,'[1,2]',1,'Wardha road','advantage12345','disadvantage12345',9000,21.115,79.123,'CORPORATION_SUPPLY','REGULAR',NULL,NULL,0,NULL,NULL,0),
        (133,'Tandapeth','desc123',78,1,'[1,2]',1,'Wardha road','advantage12345','disadvantage12345',9000,21.1613,79.1125,'CORPORATION_SUPPLY','REGULAR',NULL,NULL,0,NULL,NULL,0),
        (134,'Telankhadi','desc123',78,1,'[1,2]',1,'Wardha road','advantage12345','disadvantage12345',9000,21.1572,79.0497,'CORPORATION_SUPPLY','REGULAR',NULL,NULL,0,NULL,NULL,0),
        (135,'Trimurti Nagar','desc123',78,1,'[1,2]',1,'Wardha road','advantage12345','disadvantage12345',9000,21.1149,79.0375,'CORPORATION_SUPPLY','REGULAR',NULL,NULL,0,NULL,NULL,0),
        (136,'Umari','desc123',78,1,'[1,2]',1,'Wardha road','advantage12345','disadvantage12345',9000,21.3929,79.3268,'CORPORATION_SUPPLY','REGULAR',NULL,NULL,0,NULL,NULL,0),
        (137,'Untkhana','desc123',78,1,'[1,2]',1,'Wardha road','advantage12345','disadvantage12345',9000,21.1345,79.0983,'CORPORATION_SUPPLY','REGULAR',NULL,NULL,0,NULL,NULL,0),
        (138,'Vayusena Nagar','desc123',78,1,'[1,2]',1,'Wardha road','advantage12345','disadvantage12345',9000,21.1613,79.0221,'CORPORATION_SUPPLY','REGULAR',NULL,NULL,0,NULL,NULL,0),
        (139,'Vijay Nagar','desc123',78,1,'[1,2]',1,'Wardha road','advantage12345','disadvantage12345',9000,21.0933,78.9712,'CORPORATION_SUPPLY','REGULAR',NULL,NULL,0,NULL,NULL,0),
        (140,'Vitthal Nagar','desc123',78,1,'[1,2]',1,'Wardha road','advantage12345','disadvantage12345',9000,21.0978,79.113,'CORPORATION_SUPPLY','REGULAR',NULL,NULL,0,NULL,NULL,0),
        (141,'Waddhamana','desc123',78,1,'[1,2]',1,'Wardha road','advantage12345','disadvantage12345',9000,21.1474,78.9684,'CORPORATION_SUPPLY','REGULAR',NULL,NULL,0,NULL,NULL,0),
        (142,'Wadi','desc123',78,1,'[1,2]',1,'Wardha road','advantage12345','disadvantage12345',9000,21.1479,78.9747,'CORPORATION_SUPPLY','REGULAR',NULL,NULL,0,NULL,NULL,0),
        (143,'Wanadongari','desc123',78,1,'[1,2]',1,'Wardha road','advantage12345','disadvantage12345',9000,21.0933,78.9712,'CORPORATION_SUPPLY','REGULAR',NULL,NULL,0,NULL,NULL,0),
        (144,'Wanjara','desc123',78,1,'[1,2]',1,'Wardha road','advantage12345','disadvantage12345',9000,21.1155,78.7731,'CORPORATION_SUPPLY','REGULAR',NULL,NULL,0,NULL,NULL,0),
        (145,'Wanjari Nagar','desc123',78,1,'[1,2]',1,'Wardha road','advantage12345','disadvantage12345',9000,21.1263,79.0942,'CORPORATION_SUPPLY','REGULAR',NULL,NULL,0,NULL,NULL,0),
        (146,'Wathoda','desc123',78,1,'[1,2]',1,'Wardha road','advantage12345','disadvantage12345',9000,21.1379,79.1365,'CORPORATION_SUPPLY','REGULAR',NULL,NULL,0,NULL,NULL,0),
        (147,'Wardhaman Nagar','desc123',78,1,'[1,2]',1,'Wardha road','advantage12345','disadvantage12345',9000,21.15,79.1376,'CORPORATION_SUPPLY','REGULAR',NULL,NULL,0,NULL,NULL,0),
        (148,'Zingabai Takali','desc123',78,1,'[1,2]',1,'Wardha road','advantage12345','disadvantage12345',9000,21.2012,79.0637,'CORPORATION_SUPPLY','REGULAR',NULL,NULL,0,NULL,NULL,0),
        (149,'Abhay Nagar','desc123',78,1,'[1,2]',1,'Wardha road','advantage12345','disadvantage12345',9000,21.0916676,79.09574870000006,'CORPORATION_SUPPLY','REGULAR',NULL,NULL,0,NULL,NULL,0),
        (150,'Ajni','desc123',78,1,'[1,2]',1,'Wardha road','advantage12345','disadvantage12345',9000,21.1183151,79.08427649999999,'CORPORATION_SUPPLY','REGULAR',NULL,NULL,0,NULL,NULL,0),
        (151,'Anant Nagar','desc123',78,1,'[1,2]',1,'Wardha road','advantage12345','disadvantage12345',9000,21.1870678,79.05603109999993,'CORPORATION_SUPPLY','REGULAR',NULL,NULL,0,NULL,NULL,0),
        (152,'Ambazari','desc123',78,1,'[1,2]',1,'Wardha road','advantage12345','disadvantage12345',9000,21.1292572,79.0489685,'CORPORATION_SUPPLY','REGULAR',NULL,NULL,0,NULL,NULL,0),
        (153,'Beltarodi','desc123',78,1,'[1,2]',1,'Wardha road','advantage12345','disadvantage12345',9000,21.0752108,79.07721590000006,'CORPORATION_SUPPLY','REGULAR',NULL,NULL,0,NULL,NULL,0),
        (154,'Badilkheda','desc123',78,1,'[1,2]',1,'Wardha road','advantage12345','disadvantage12345',9000,21.1016809,79.07721590000006,'CORPORATION_SUPPLY','REGULAR',NULL,NULL,0,NULL,NULL,0),
        (155,'Babulkheda','desc123',78,1,'[1,2]',1,'Wardha road','advantage12345','disadvantage12345',9000,21.1051711,79.08568850000006,'CORPORATION_SUPPLY','REGULAR',NULL,NULL,0,NULL,NULL,0),
        (156,'Bajaj Nagar','desc123',78,1,'[1,2]',1,'Wardha road','advantage12345','disadvantage12345',9000,21.1272724,79.0616354,'CORPORATION_SUPPLY','REGULAR',NULL,NULL,0,NULL,NULL,0),
        (157,'Bagadganj','desc123',78,1,'[1,2]',1,'Wardha road','advantage12345','disadvantage12345',9000,21.1457845,79.12239439999996,'CORPORATION_SUPPLY','REGULAR',NULL,NULL,0,NULL,NULL,0),
        (158,'Ayodhya Nagar','desc123',78,1,'[1,2]',1,'Wardha road','advantage12345','disadvantage12345',9000,21.120143,79.11251349999998,'CORPORATION_SUPPLY','REGULAR',NULL,NULL,0,NULL,NULL,0),
        (159,'Abhyankar Nagar','desc123',78,1,'[1,2]',1,'Wardha road','advantage12345','disadvantage12345',9000,21.1260862,79.05673730000001,'CORPORATION_SUPPLY','REGULAR',NULL,NULL,0,NULL,NULL,0);

# location category Master
	INSERT INTO location_category (name, description, deleted)
VALUES
	('COMMERCIAL', 'desc1', 0),
	('RESIDENTIAL', 'desc1', 0),
	('INDUSTRIAL', 'desc1', 0),
	('TOURIST', 'desc1', 0);

# location type Master
	INSERT INTO location_type (name, description, deleted)
VALUES
	('WITHIN_CITY', 'desc1', 0),
	('ATTACHED_TO_CITY', 'desc2', 0),
	('Detached from city', 'desc123', 0);

# Market Price Master
INSERT INTO market_price (id, location_id, city_id, year, month, mp_agri_land_lowest, mp_agri_land_highest, mp_agri_land_average,
mp_plot_lowest, mp_plot_highest, mp_plot_average, mp_residential_lowest, mp_residential_highest, mp_residential_average,
mp_commercial_lowest, mp_commercial_highest, mp_commercial_average, deleted)
VALUES 
        (1,149,78,2016,1,0,0,0,0,0,0,5714,5714,5714,0,0,0,0),
(2,149,78,2016,2,0,0,0,0,0,0,5714,5714,5714,0,0,0,0),
(3,149,78,2016,3,0,0,0,0,0,0,5714,5714,5714,0,0,0,0),
(4,149,78,2016,4,0,0,0,0,0,0,5714,5714,5714,0,0,0,0),
(5,149,78,2016,5,0,0,0,0,0,0,5714,5714,5714,0,0,0,0),
(6,149,78,2016,6,0,0,0,0,0,0,5714,5714,5714,0,0,0,0),
(7,149,78,2016,7,0,0,0,0,0,0,5714,5714,5714,0,0,0,0),
(8,149,78,2016,8,0,0,0,0,0,0,5714,5714,5714,0,0,0,0),
(9,149,78,2016,9,0,0,0,0,0,0,5714,5714,5714,0,0,0,0),
(10,149,78,2016,10,0,0,0,0,0,0,5714,5714,5714,0,0,0,0),
(11,149,78,2016,11,0,0,0,0,0,0,5714,5714,5714,0,0,0,0),
(12,149,78,2016,12,0,0,0,0,0,0,5714,5714,5714,0,0,0,0),
(13,159,78,2016,1,0,0,0,0,0,0,800,10345,5572.5,0,0,0,0),
(14,159,78,2016,2,0,0,0,0,0,0,800,10345,5572.5,0,0,0,0),
(15,159,78,2016,3,0,0,0,0,0,0,800,10345,5572.5,0,0,0,0),
(16,159,78,2016,4,0,0,0,0,0,0,800,10345,5572.5,0,0,0,0),
(17,159,78,2016,5,0,0,0,0,0,0,800,10345,5572.5,0,0,0,0),
(18,159,78,2016,6,0,0,0,0,0,0,800,10345,5572.5,0,0,0,0),
(19,159,78,2016,7,0,0,0,0,0,0,800,10345,5572.5,0,0,0,0),
(20,159,78,2016,8,0,0,0,0,0,0,800,10345,5572.5,0,0,0,0),
(21,159,78,2016,9,0,0,0,0,0,0,800,10345,5572.5,0,0,0,0),
(22,159,78,2016,10,0,0,0,0,0,0,800,10345,5572.5,0,0,0,0),
(23,159,78,2016,11,0,0,0,0,0,0,800,10345,5572.5,0,0,0,0),
(24,159,78,2016,12,0,0,0,0,0,0,800,10345,5572.5,0,0,0,0),
(25,150,78,2016,1,0,0,0,0,0,0,1665,6011,3838,0,0,0,0),
(26,150,78,2016,2,0,0,0,0,0,0,1665,6011,3838,0,0,0,0),
(27,150,78,2016,3,0,0,0,0,0,0,1665,6011,3838,0,0,0,0),
(28,150,78,2016,4,0,0,0,0,0,0,1665,6011,3838,0,0,0,0),
(29,150,78,2016,5,0,0,0,0,0,0,1665,6011,3838,0,0,0,0),
(30,150,78,2016,6,0,0,0,0,0,0,1665,6011,3838,0,0,0,0),
(31,150,78,2016,7,0,0,0,0,0,0,1665,6011,3838,0,0,0,0),
(32,150,78,2016,8,0,0,0,0,0,0,1665,6011,3838,0,0,0,0),
(33,150,78,2016,9,0,0,0,0,0,0,1665,6011,3838,0,0,0,0),
(34,150,78,2016,10,0,0,0,0,0,0,1665,6011,3838,0,0,0,0),
(35,150,78,2016,11,0,0,0,0,0,0,1665,6011,3838,0,0,0,0),
(36,150,78,2016,12,0,0,0,0,0,0,1665,6011,3838,0,0,0,0),
(37,152,78,2016,1,0,0,0,0,0,0,550,6500,3525,0,0,0,0),
(38,152,78,2016,2,0,0,0,0,0,0,550,6500,3525,0,0,0,0),
(39,152,78,2016,3,0,0,0,0,0,0,550,6500,3525,0,0,0,0),
(40,152,78,2016,4,0,0,0,0,0,0,550,6500,3525,0,0,0,0),
(41,152,78,2016,5,0,0,0,0,0,0,550,6500,3525,0,0,0,0),
(42,152,78,2016,6,0,0,0,0,0,0,550,6500,3525,0,0,0,0),
(43,152,78,2016,7,0,0,0,0,0,0,550,6500,3525,0,0,0,0),
(44,152,78,2016,8,0,0,0,0,0,0,550,6500,3525,0,0,0,0),
(45,152,78,2016,9,0,0,0,0,0,0,550,6500,3525,0,0,0,0),
(46,152,78,2016,10,0,0,0,0,0,0,550,6500,3525,0,0,0,0),
(47,152,78,2016,11,0,0,0,0,0,0,550,6500,3525,0,0,0,0),
(48,152,78,2016,12,0,0,0,0,0,0,550,6500,3525,0,0,0,0),
(49,151,78,2016,1,0,0,0,0,0,0,2962,4040,3501,0,0,0,0),
(50,151,78,2016,2,0,0,0,0,0,0,2962,4040,3501,0,0,0,0),
(51,151,78,2016,3,0,0,0,0,0,0,2962,4040,3501,0,0,0,0),
(52,151,78,2016,4,0,0,0,0,0,0,2962,4040,3501,0,0,0,0),
(53,151,78,2016,5,0,0,0,0,0,0,2962,4040,3501,0,0,0,0),
(54,151,78,2016,6,0,0,0,0,0,0,2962,4040,3501,0,0,0,0),
(55,151,78,2016,7,0,0,0,0,0,0,2962,4040,3501,0,0,0,0),
(56,151,78,2016,8,0,0,0,0,0,0,2962,4040,3501,0,0,0,0),
(57,151,78,2016,9,0,0,0,0,0,0,2962,4040,3501,0,0,0,0),
(58,151,78,2016,10,0,0,0,0,0,0,2962,4040,3501,0,0,0,0),
(59,151,78,2016,11,0,0,0,0,0,0,2962,4040,3501,0,0,0,0),
(60,151,78,2016,12,0,0,0,0,0,0,2962,4040,3501,0,0,0,0),
(61,158,78,2016,1,0,0,0,0,0,0,3125,3125,3125,0,0,0,0),
(62,158,78,2016,2,0,0,0,0,0,0,3125,3125,3125,0,0,0,0),
(63,158,78,2016,3,0,0,0,0,0,0,3125,3125,3125,0,0,0,0),
(64,158,78,2016,4,0,0,0,0,0,0,3125,3125,3125,0,0,0,0),
(65,158,78,2016,5,0,0,0,0,0,0,3125,3125,3125,0,0,0,0),
(66,158,78,2016,6,0,0,0,0,0,0,3125,3125,3125,0,0,0,0),
(67,158,78,2016,7,0,0,0,0,0,0,3125,3125,3125,0,0,0,0),
(68,158,78,2016,8,0,0,0,0,0,0,3125,3125,3125,0,0,0,0),
(69,158,78,2016,9,0,0,0,0,0,0,3125,3125,3125,0,0,0,0),
(70,158,78,2016,10,0,0,0,0,0,0,3125,3125,3125,0,0,0,0),
(71,158,78,2016,11,0,0,0,0,0,0,3125,3125,3125,0,0,0,0),
(72,158,78,2016,12,0,0,0,0,0,0,3125,3125,3125,0,0,0,0),
(73,155,78,2016,1,0,0,0,0,0,0,465,3889,2177,0,0,0,0),
(74,155,78,2016,2,0,0,0,0,0,0,465,3889,2177,0,0,0,0),
(75,155,78,2016,3,0,0,0,0,0,0,465,3889,2177,0,0,0,0),
(76,155,78,2016,4,0,0,0,0,0,0,465,3889,2177,0,0,0,0),
(77,155,78,2016,5,0,0,0,0,0,0,465,3889,2177,0,0,0,0),
(78,155,78,2016,6,0,0,0,0,0,0,465,3889,2177,0,0,0,0),
(79,155,78,2016,7,0,0,0,0,0,0,465,3889,2177,0,0,0,0),
(80,155,78,2016,8,0,0,0,0,0,0,465,3889,2177,0,0,0,0),
(81,155,78,2016,9,0,0,0,0,0,0,465,3889,2177,0,0,0,0),
(82,155,78,2016,10,0,0,0,0,0,0,465,3889,2177,0,0,0,0),
(83,155,78,2016,11,0,0,0,0,0,0,465,3889,2177,0,0,0,0),
(84,155,78,2016,12,0,0,0,0,0,0,465,3889,2177,0,0,0,0),
(85,154,78,2016,1,0,0,0,0,0,0,4500,4500,4500,0,0,0,0),
(86,154,78,2016,2,0,0,0,0,0,0,4500,4500,4500,0,0,0,0),
(87,154,78,2016,3,0,0,0,0,0,0,4500,4500,4500,0,0,0,0),
(88,154,78,2016,4,0,0,0,0,0,0,4500,4500,4500,0,0,0,0),
(89,154,78,2016,5,0,0,0,0,0,0,4500,4500,4500,0,0,0,0),
(90,154,78,2016,6,0,0,0,0,0,0,4500,4500,4500,0,0,0,0),
(91,154,78,2016,7,0,0,0,0,0,0,4500,4500,4500,0,0,0,0),
(92,154,78,2016,8,0,0,0,0,0,0,4500,4500,4500,0,0,0,0),
(93,154,78,2016,9,0,0,0,0,0,0,4500,4500,4500,0,0,0,0),
(94,154,78,2016,10,0,0,0,0,0,0,4500,4500,4500,0,0,0,0),
(95,154,78,2016,11,0,0,0,0,0,0,4500,4500,4500,0,0,0,0),
(96,154,78,2016,12,0,0,0,0,0,0,4500,4500,4500,0,0,0,0),
(97,157,78,2016,1,0,0,0,0,0,0,800,3295,2047.5,0,0,0,0),
(98,157,78,2016,2,0,0,0,0,0,0,800,3295,2047.5,0,0,0,0),
(99,157,78,2016,3,0,0,0,0,0,0,800,3295,2047.5,0,0,0,0),
(100,157,78,2016,4,0,0,0,0,0,0,800,3295,2047.5,0,0,0,0),
(101,157,78,2016,5,0,0,0,0,0,0,800,3295,2047.5,0,0,0,0),
(102,157,78,2016,6,0,0,0,0,0,0,800,3295,2047.5,0,0,0,0),
(103,157,78,2016,7,0,0,0,0,0,0,800,3295,2047.5,0,0,0,0),
(104,157,78,2016,8,0,0,0,0,0,0,800,3295,2047.5,0,0,0,0),
(105,157,78,2016,9,0,0,0,0,0,0,800,3295,2047.5,0,0,0,0),
(106,157,78,2016,10,0,0,0,0,0,0,800,3295,2047.5,0,0,0,0),
(107,157,78,2016,11,0,0,0,0,0,0,800,3295,2047.5,0,0,0,0),
(108,157,78,2016,12,0,0,0,0,0,0,800,3295,2047.5,0,0,0,0),
(109,156,78,2016,1,0,0,0,0,0,0,700,7176,3938,0,0,0,0),
(110,156,78,2016,2,0,0,0,0,0,0,700,7176,3938,0,0,0,0),
(111,156,78,2016,3,0,0,0,0,0,0,700,7176,3938,0,0,0,0),
(112,156,78,2016,4,0,0,0,0,0,0,700,7176,3938,0,0,0,0),
(113,156,78,2016,5,0,0,0,0,0,0,700,7176,3938,0,0,0,0),
(114,156,78,2016,6,0,0,0,0,0,0,700,7176,3938,0,0,0,0),
(115,156,78,2016,7,0,0,0,0,0,0,700,7176,3938,0,0,0,0),
(116,156,78,2016,8,0,0,0,0,0,0,700,7176,3938,0,0,0,0),
(117,156,78,2016,9,0,0,0,0,0,0,700,7176,3938,0,0,0,0),
(118,156,78,2016,10,0,0,0,0,0,0,700,7176,3938,0,0,0,0),
(119,156,78,2016,11,0,0,0,0,0,0,700,7176,3938,0,0,0,0),
(120,156,78,2016,12,0,0,0,0,0,0,700,7176,3938,0,0,0,0),
(121,153,78,2016,1,0,0,0,0,0,0,2950,3158,3054,0,0,0,0),
(122,153,78,2016,2,0,0,0,0,0,0,2950,3158,3054,0,0,0,0),
(123,153,78,2016,3,0,0,0,0,0,0,2950,3158,3054,0,0,0,0),
(124,153,78,2016,4,0,0,0,0,0,0,2950,3158,3054,0,0,0,0),
(125,153,78,2016,5,0,0,0,0,0,0,2950,3158,3054,0,0,0,0),
(126,153,78,2016,6,0,0,0,0,0,0,2950,3158,3054,0,0,0,0),
(127,153,78,2016,7,0,0,0,0,0,0,2950,3158,3054,0,0,0,0),
(128,153,78,2016,8,0,0,0,0,0,0,2950,3158,3054,0,0,0,0),
(129,153,78,2016,9,0,0,0,0,0,0,2950,3158,3054,0,0,0,0),
(130,153,78,2016,10,0,0,0,0,0,0,2950,3158,3054,0,0,0,0),
(131,153,78,2016,11,0,0,0,0,0,0,2950,3158,3054,0,0,0,0),
(132,153,78,2016,12,0,0,0,0,0,0,2950,3158,3054,0,0,0,0),
(133,1,78,2016,1,0,0,0,0,0,0,2000,5200,3600,0,0,0,0),
(134,1,78,2016,2,0,0,0,0,0,0,2000,5200,3600,0,0,0,0),
(135,1,78,2016,3,0,0,0,0,0,0,2000,5200,3600,0,0,0,0),
(136,1,78,2016,4,0,0,0,0,0,0,2000,5200,3600,0,0,0,0),
(137,1,78,2016,5,0,0,0,0,0,0,2000,5200,3600,0,0,0,0),
(138,1,78,2016,6,0,0,0,0,0,0,2000,5200,3600,0,0,0,0),
(139,1,78,2016,7,0,0,0,0,0,0,2000,5200,3600,0,0,0,0),
(140,1,78,2016,8,0,0,0,0,0,0,2000,5200,3600,0,0,0,0),
(141,1,78,2016,9,0,0,0,0,0,0,2000,5200,3600,0,0,0,0),
(142,1,78,2016,10,0,0,0,0,0,0,2000,5200,3600,0,0,0,0),
(143,1,78,2016,11,0,0,0,0,0,0,2000,5200,3600,0,0,0,0),
(144,1,78,2016,12,0,0,0,0,0,0,2000,5200,3600,0,0,0,0),
(145,2,78,2016,1,0,0,0,0,0,0,1318,3415,2366.5,0,0,0,0),
(146,2,78,2016,2,0,0,0,0,0,0,1318,3415,2366.5,0,0,0,0),
(147,2,78,2016,3,0,0,0,0,0,0,1318,3415,2366.5,0,0,0,0),
(148,2,78,2016,4,0,0,0,0,0,0,1318,3415,2366.5,0,0,0,0),
(149,2,78,2016,5,0,0,0,0,0,0,1318,3415,2366.5,0,0,0,0),
(150,2,78,2016,6,0,0,0,0,0,0,1318,3415,2366.5,0,0,0,0),
(151,2,78,2016,7,0,0,0,0,0,0,1318,3415,2366.5,0,0,0,0),
(152,2,78,2016,8,0,0,0,0,0,0,1318,3415,2366.5,0,0,0,0),
(153,2,78,2016,9,0,0,0,0,0,0,1318,3415,2366.5,0,0,0,0),
(154,2,78,2016,10,0,0,0,0,0,0,1318,3415,2366.5,0,0,0,0),
(155,2,78,2016,11,0,0,0,0,0,0,1318,3415,2366.5,0,0,0,0),
(156,2,78,2016,12,0,0,0,0,0,0,1318,3415,2366.5,0,0,0,0),
(157,3,78,2016,1,0,0,0,0,0,0,650,4200,2425,0,0,0,0),
(158,3,78,2016,2,0,0,0,0,0,0,650,4200,2425,0,0,0,0),
(159,3,78,2016,3,0,0,0,0,0,0,650,4200,2425,0,0,0,0),
(160,3,78,2016,4,0,0,0,0,0,0,650,4200,2425,0,0,0,0),
(161,3,78,2016,5,0,0,0,0,0,0,650,4200,2425,0,0,0,0),
(162,3,78,2016,6,0,0,0,0,0,0,650,4200,2425,0,0,0,0),
(163,3,78,2016,7,0,0,0,0,0,0,650,4200,2425,0,0,0,0),
(164,3,78,2016,8,0,0,0,0,0,0,650,4200,2425,0,0,0,0),
(165,3,78,2016,9,0,0,0,0,0,0,650,4200,2425,0,0,0,0),
(166,3,78,2016,10,0,0,0,0,0,0,650,4200,2425,0,0,0,0),
(167,3,78,2016,11,0,0,0,0,0,0,650,4200,2425,0,0,0,0),
(168,3,78,2016,12,0,0,0,0,0,0,650,4200,2425,0,0,0,0),
(169,4,78,2016,1,0,0,0,0,0,0,1141,5500,3320.5,0,0,0,0),
(170,4,78,2016,2,0,0,0,0,0,0,1141,5500,3320.5,0,0,0,0),
(171,4,78,2016,3,0,0,0,0,0,0,1141,5500,3320.5,0,0,0,0),
(172,4,78,2016,4,0,0,0,0,0,0,1141,5500,3320.5,0,0,0,0),
(173,4,78,2016,5,0,0,0,0,0,0,1141,5500,3320.5,0,0,0,0),
(174,4,78,2016,6,0,0,0,0,0,0,1141,5500,3320.5,0,0,0,0),
(175,4,78,2016,7,0,0,0,0,0,0,1141,5500,3320.5,0,0,0,0),
(176,4,78,2016,8,0,0,0,0,0,0,1141,5500,3320.5,0,0,0,0),
(177,4,78,2016,9,0,0,0,0,0,0,1141,5500,3320.5,0,0,0,0),
(178,4,78,2016,10,0,0,0,0,0,0,1141,5500,3320.5,0,0,0,0),
(179,4,78,2016,11,0,0,0,0,0,0,1141,5500,3320.5,0,0,0,0),
(180,4,78,2016,12,0,0,0,0,0,0,1141,5500,3320.5,0,0,0,0),
(181,6,78,2016,1,0,0,0,0,0,0,600,2500,1550,0,0,0,0),
(182,6,78,2016,2,0,0,0,0,0,0,600,2500,1550,0,0,0,0),
(183,6,78,2016,3,0,0,0,0,0,0,600,2500,1550,0,0,0,0),
(184,6,78,2016,4,0,0,0,0,0,0,600,2500,1550,0,0,0,0),
(185,6,78,2016,5,0,0,0,0,0,0,600,2500,1550,0,0,0,0),
(186,6,78,2016,6,0,0,0,0,0,0,600,2500,1550,0,0,0,0),
(187,6,78,2016,7,0,0,0,0,0,0,600,2500,1550,0,0,0,0),
(188,6,78,2016,8,0,0,0,0,0,0,600,2500,1550,0,0,0,0),
(189,6,78,2016,9,0,0,0,0,0,0,600,2500,1550,0,0,0,0),
(190,6,78,2016,10,0,0,0,0,0,0,600,2500,1550,0,0,0,0),
(191,6,78,2016,11,0,0,0,0,0,0,600,2500,1550,0,0,0,0),
(192,6,78,2016,12,0,0,0,0,0,0,600,2500,1550,0,0,0,0),
(193,5,78,2016,1,0,0,0,0,0,0,600,8000,4300,0,0,0,0),
(194,5,78,2016,2,0,0,0,0,0,0,600,8000,4300,0,0,0,0),
(195,5,78,2016,3,0,0,0,0,0,0,600,8000,4300,0,0,0,0),
(196,5,78,2016,4,0,0,0,0,0,0,600,8000,4300,0,0,0,0),
(197,5,78,2016,5,0,0,0,0,0,0,600,8000,4300,0,0,0,0),
(198,5,78,2016,6,0,0,0,0,0,0,600,8000,4300,0,0,0,0),
(199,5,78,2016,7,0,0,0,0,0,0,600,8000,4300,0,0,0,0),
(200,5,78,2016,8,0,0,0,0,0,0,600,8000,4300,0,0,0,0),
(201,5,78,2016,9,0,0,0,0,0,0,600,8000,4300,0,0,0,0),
(202,5,78,2016,10,0,0,0,0,0,0,600,8000,4300,0,0,0,0),
(203,5,78,2016,11,0,0,0,0,0,0,600,8000,4300,0,0,0,0),
(204,5,78,2016,12,0,0,0,0,0,0,600,8000,4300,0,0,0,0),
(205,7,78,2016,1,0,0,0,0,0,0,556,3600,2078,0,0,0,0),
(206,7,78,2016,2,0,0,0,0,0,0,556,3600,2078,0,0,0,0),
(207,7,78,2016,3,0,0,0,0,0,0,556,3600,2078,0,0,0,0),
(208,7,78,2016,4,0,0,0,0,0,0,556,3600,2078,0,0,0,0),
(209,7,78,2016,5,0,0,0,0,0,0,556,3600,2078,0,0,0,0),
(210,7,78,2016,6,0,0,0,0,0,0,556,3600,2078,0,0,0,0),
(211,7,78,2016,7,0,0,0,0,0,0,556,3600,2078,0,0,0,0),
(212,7,78,2016,8,0,0,0,0,0,0,556,3600,2078,0,0,0,0),
(213,7,78,2016,9,0,0,0,0,0,0,556,3600,2078,0,0,0,0),
(214,7,78,2016,10,0,0,0,0,0,0,556,3600,2078,0,0,0,0),
(215,7,78,2016,11,0,0,0,0,0,0,556,3600,2078,0,0,0,0),
(216,7,78,2016,12,0,0,0,0,0,0,556,3600,2078,0,0,0,0),
(217,8,78,2016,1,0,0,0,0,0,0,2292,2922,2607,0,0,0,0),
(218,8,78,2016,2,0,0,0,0,0,0,2292,2922,2607,0,0,0,0),
(219,8,78,2016,3,0,0,0,0,0,0,2292,2922,2607,0,0,0,0),
(220,8,78,2016,4,0,0,0,0,0,0,2292,2922,2607,0,0,0,0),
(221,8,78,2016,5,0,0,0,0,0,0,2292,2922,2607,0,0,0,0),
(222,8,78,2016,6,0,0,0,0,0,0,2292,2922,2607,0,0,0,0),
(223,8,78,2016,7,0,0,0,0,0,0,2292,2922,2607,0,0,0,0),
(224,8,78,2016,8,0,0,0,0,0,0,2292,2922,2607,0,0,0,0),
(225,8,78,2016,9,0,0,0,0,0,0,2292,2922,2607,0,0,0,0),
(226,8,78,2016,10,0,0,0,0,0,0,2292,2922,2607,0,0,0,0),
(227,8,78,2016,11,0,0,0,0,0,0,2292,2922,2607,0,0,0,0),
(228,8,78,2016,12,0,0,0,0,0,0,2292,2922,2607,0,0,0,0),
(229,9,78,2016,1,0,0,0,0,0,0,520,2692,1606,0,0,0,0),
(230,9,78,2016,2,0,0,0,0,0,0,520,2692,1606,0,0,0,0),
(231,9,78,2016,3,0,0,0,0,0,0,520,2692,1606,0,0,0,0),
(232,9,78,2016,4,0,0,0,0,0,0,520,2692,1606,0,0,0,0),
(233,9,78,2016,5,0,0,0,0,0,0,520,2692,1606,0,0,0,0),
(234,9,78,2016,6,0,0,0,0,0,0,520,2692,1606,0,0,0,0),
(235,9,78,2016,7,0,0,0,0,0,0,520,2692,1606,0,0,0,0),
(236,9,78,2016,8,0,0,0,0,0,0,520,2692,1606,0,0,0,0),
(237,9,78,2016,9,0,0,0,0,0,0,520,2692,1606,0,0,0,0),
(238,9,78,2016,10,0,0,0,0,0,0,520,2692,1606,0,0,0,0),
(239,9,78,2016,11,0,0,0,0,0,0,520,2692,1606,0,0,0,0),
(240,9,78,2016,12,0,0,0,0,0,0,520,2692,1606,0,0,0,0),
(241,10,78,2016,1,0,0,0,0,0,0,750,3913,2331.5,0,0,0,0),
(242,10,78,2016,2,0,0,0,0,0,0,750,3913,2331.5,0,0,0,0),
(243,10,78,2016,3,0,0,0,0,0,0,750,3913,2331.5,0,0,0,0),
(244,10,78,2016,4,0,0,0,0,0,0,750,3913,2331.5,0,0,0,0),
(245,10,78,2016,5,0,0,0,0,0,0,750,3913,2331.5,0,0,0,0),
(246,10,78,2016,6,0,0,0,0,0,0,750,3913,2331.5,0,0,0,0),
(247,10,78,2016,7,0,0,0,0,0,0,750,3913,2331.5,0,0,0,0),
(248,10,78,2016,8,0,0,0,0,0,0,750,3913,2331.5,0,0,0,0),
(249,10,78,2016,9,0,0,0,0,0,0,750,3913,2331.5,0,0,0,0),
(250,10,78,2016,10,0,0,0,0,0,0,750,3913,2331.5,0,0,0,0),
(251,10,78,2016,11,0,0,0,0,0,0,750,3913,2331.5,0,0,0,0),
(252,10,78,2016,12,0,0,0,0,0,0,750,3913,2331.5,0,0,0,0),
(253,11,78,2016,1,0,0,0,0,0,0,611,2473,1542,0,0,0,0),
(254,11,78,2016,2,0,0,0,0,0,0,611,2473,1542,0,0,0,0),
(255,11,78,2016,3,0,0,0,0,0,0,611,2473,1542,0,0,0,0),
(256,11,78,2016,4,0,0,0,0,0,0,611,2473,1542,0,0,0,0),
(257,11,78,2016,5,0,0,0,0,0,0,611,2473,1542,0,0,0,0),
(258,11,78,2016,6,0,0,0,0,0,0,611,2473,1542,0,0,0,0),
(259,11,78,2016,7,0,0,0,0,0,0,611,2473,1542,0,0,0,0),
(260,11,78,2016,8,0,0,0,0,0,0,611,2473,1542,0,0,0,0),
(261,11,78,2016,9,0,0,0,0,0,0,611,2473,1542,0,0,0,0),
(262,11,78,2016,10,0,0,0,0,0,0,611,2473,1542,0,0,0,0),
(263,11,78,2016,11,0,0,0,0,0,0,611,2473,1542,0,0,0,0),
(264,11,78,2016,12,0,0,0,0,0,0,611,2473,1542,0,0,0,0),
(265,13,78,2016,1,0,0,0,0,0,0,540,12069,6304.5,0,0,0,0),
(266,13,78,2016,2,0,0,0,0,0,0,540,12069,6304.5,0,0,0,0),
(267,13,78,2016,3,0,0,0,0,0,0,540,12069,6304.5,0,0,0,0),
(268,13,78,2016,4,0,0,0,0,0,0,540,12069,6304.5,0,0,0,0),
(269,13,78,2016,5,0,0,0,0,0,0,540,12069,6304.5,0,0,0,0),
(270,13,78,2016,6,0,0,0,0,0,0,540,12069,6304.5,0,0,0,0),
(271,13,78,2016,7,0,0,0,0,0,0,540,12069,6304.5,0,0,0,0),
(272,13,78,2016,8,0,0,0,0,0,0,540,12069,6304.5,0,0,0,0),
(273,13,78,2016,9,0,0,0,0,0,0,540,12069,6304.5,0,0,0,0),
(274,13,78,2016,10,0,0,0,0,0,0,540,12069,6304.5,0,0,0,0),
(275,13,78,2016,11,0,0,0,0,0,0,540,12069,6304.5,0,0,0,0),
(276,13,78,2016,12,0,0,0,0,0,0,540,12069,6304.5,0,0,0,0),
(277,12,78,2016,1,0,0,0,0,0,0,0,0,0,0,0,0,0),
(278,12,78,2016,2,0,0,0,0,0,0,0,0,0,0,0,0,0),
(279,12,78,2016,3,0,0,0,0,0,0,0,0,0,0,0,0,0),
(280,12,78,2016,4,0,0,0,0,0,0,0,0,0,0,0,0,0),
(281,12,78,2016,5,0,0,0,0,0,0,0,0,0,0,0,0,0),
(282,12,78,2016,6,0,0,0,0,0,0,0,0,0,0,0,0,0),
(283,12,78,2016,7,0,0,0,0,0,0,0,0,0,0,0,0,0),
(284,12,78,2016,8,0,0,0,0,0,0,0,0,0,0,0,0,0),
(285,12,78,2016,9,0,0,0,0,0,0,0,0,0,0,0,0,0),
(286,12,78,2016,10,0,0,0,0,0,0,0,0,0,0,0,0,0),
(287,12,78,2016,11,0,0,0,0,0,0,0,0,0,0,0,0,0),
(288,12,78,2016,12,0,0,0,0,0,0,0,0,0,0,0,0,0),
(289,15,78,2016,1,0,0,0,0,0,0,335,2094,1214.5,0,0,0,0),
(290,15,78,2016,2,0,0,0,0,0,0,335,2094,1214.5,0,0,0,0),
(291,15,78,2016,3,0,0,0,0,0,0,335,2094,1214.5,0,0,0,0),
(292,15,78,2016,4,0,0,0,0,0,0,335,2094,1214.5,0,0,0,0),
(293,15,78,2016,5,0,0,0,0,0,0,335,2094,1214.5,0,0,0,0),
(294,15,78,2016,6,0,0,0,0,0,0,335,2094,1214.5,0,0,0,0),
(295,15,78,2016,7,0,0,0,0,0,0,335,2094,1214.5,0,0,0,0),
(296,15,78,2016,8,0,0,0,0,0,0,335,2094,1214.5,0,0,0,0),
(297,15,78,2016,9,0,0,0,0,0,0,335,2094,1214.5,0,0,0,0),
(298,15,78,2016,10,0,0,0,0,0,0,335,2094,1214.5,0,0,0,0),
(299,15,78,2016,11,0,0,0,0,0,0,335,2094,1214.5,0,0,0,0),
(300,15,78,2016,12,0,0,0,0,0,0,335,2094,1214.5,0,0,0,0),
(301,14,78,2016,1,0,0,0,0,0,0,6486,6507,6496.5,0,0,0,0),
(302,14,78,2016,2,0,0,0,0,0,0,6486,6507,6496.5,0,0,0,0),
(303,14,78,2016,3,0,0,0,0,0,0,6486,6507,6496.5,0,0,0,0),
(304,14,78,2016,4,0,0,0,0,0,0,6486,6507,6496.5,0,0,0,0),
(305,14,78,2016,5,0,0,0,0,0,0,6486,6507,6496.5,0,0,0,0),
(306,14,78,2016,6,0,0,0,0,0,0,6486,6507,6496.5,0,0,0,0),
(307,14,78,2016,7,0,0,0,0,0,0,6486,6507,6496.5,0,0,0,0),
(308,14,78,2016,8,0,0,0,0,0,0,6486,6507,6496.5,0,0,0,0),
(309,14,78,2016,9,0,0,0,0,0,0,6486,6507,6496.5,0,0,0,0),
(310,14,78,2016,10,0,0,0,0,0,0,6486,6507,6496.5,0,0,0,0),
(311,14,78,2016,11,0,0,0,0,0,0,6486,6507,6496.5,0,0,0,0),
(312,14,78,2016,12,0,0,0,0,0,0,6486,6507,6496.5,0,0,0,0),
(313,16,78,2016,1,0,0,0,0,0,0,0,0,0,0,0,0,0),
(314,16,78,2016,2,0,0,0,0,0,0,0,0,0,0,0,0,0),
(315,16,78,2016,3,0,0,0,0,0,0,0,0,0,0,0,0,0),
(316,16,78,2016,4,0,0,0,0,0,0,0,0,0,0,0,0,0),
(317,16,78,2016,5,0,0,0,0,0,0,0,0,0,0,0,0,0),
(318,16,78,2016,6,0,0,0,0,0,0,0,0,0,0,0,0,0),
(319,16,78,2016,7,0,0,0,0,0,0,0,0,0,0,0,0,0),
(320,16,78,2016,8,0,0,0,0,0,0,0,0,0,0,0,0,0),
(321,16,78,2016,9,0,0,0,0,0,0,0,0,0,0,0,0,0),
(322,16,78,2016,10,0,0,0,0,0,0,0,0,0,0,0,0,0),
(323,16,78,2016,11,0,0,0,0,0,0,0,0,0,0,0,0,0),
(324,16,78,2016,12,0,0,0,0,0,0,0,0,0,0,0,0,0),
(325,17,78,2016,1,0,0,0,0,0,0,899,4102,2500.5,0,0,0,0),
(326,17,78,2016,2,0,0,0,0,0,0,899,4102,2500.5,0,0,0,0),
(327,17,78,2016,3,0,0,0,0,0,0,899,4102,2500.5,0,0,0,0),
(328,17,78,2016,4,0,0,0,0,0,0,899,4102,2500.5,0,0,0,0),
(329,17,78,2016,5,0,0,0,0,0,0,899,4102,2500.5,0,0,0,0),
(330,17,78,2016,6,0,0,0,0,0,0,899,4102,2500.5,0,0,0,0),
(331,17,78,2016,7,0,0,0,0,0,0,899,4102,2500.5,0,0,0,0),
(332,17,78,2016,8,0,0,0,0,0,0,899,4102,2500.5,0,0,0,0),
(333,17,78,2016,9,0,0,0,0,0,0,899,4102,2500.5,0,0,0,0),
(334,17,78,2016,10,0,0,0,0,0,0,899,4102,2500.5,0,0,0,0),
(335,17,78,2016,11,0,0,0,0,0,0,899,4102,2500.5,0,0,0,0),
(336,17,78,2016,12,0,0,0,0,0,0,899,4102,2500.5,0,0,0,0),
(337,18,78,2016,1,0,0,0,0,0,0,1856,4183,3019.5,0,0,0,0),
(338,18,78,2016,2,0,0,0,0,0,0,1856,4183,3019.5,0,0,0,0),
(339,18,78,2016,3,0,0,0,0,0,0,1856,4183,3019.5,0,0,0,0),
(340,18,78,2016,4,0,0,0,0,0,0,1856,4183,3019.5,0,0,0,0),
(341,18,78,2016,5,0,0,0,0,0,0,1856,4183,3019.5,0,0,0,0),
(342,18,78,2016,6,0,0,0,0,0,0,1856,4183,3019.5,0,0,0,0),
(343,18,78,2016,7,0,0,0,0,0,0,1856,4183,3019.5,0,0,0,0),
(344,18,78,2016,8,0,0,0,0,0,0,1856,4183,3019.5,0,0,0,0),
(345,18,78,2016,9,0,0,0,0,0,0,1856,4183,3019.5,0,0,0,0),
(346,18,78,2016,10,0,0,0,0,0,0,1856,4183,3019.5,0,0,0,0),
(347,18,78,2016,11,0,0,0,0,0,0,1856,4183,3019.5,0,0,0,0),
(348,18,78,2016,12,0,0,0,0,0,0,1856,4183,3019.5,0,0,0,0),
(349,19,78,2016,1,0,0,0,0,0,0,675,18519,9597,0,0,0,0),(350,19,78,2016,2,0,0,0,0,0,0,675,18519,9597,0,0,0,0),(351,19,78,2016,3,0,0,0,0,0,0,675,18519,9597,0,0,0,0),(352,19,78,2016,4,0,0,0,0,0,0,675,18519,9597,0,0,0,0),(353,19,78,2016,5,0,0,0,0,0,0,675,18519,9597,0,0,0,0),(354,19,78,2016,6,0,0,0,0,0,0,675,18519,9597,0,0,0,0),(355,19,78,2016,7,0,0,0,0,0,0,675,18519,9597,0,0,0,0),(356,19,78,2016,8,0,0,0,0,0,0,675,18519,9597,0,0,0,0),(357,19,78,2016,9,0,0,0,0,0,0,675,18519,9597,0,0,0,0),(358,19,78,2016,10,0,0,0,0,0,0,675,18519,9597,0,0,0,0),(359,19,78,2016,11,0,0,0,0,0,0,675,18519,9597,0,0,0,0),(360,19,78,2016,12,0,0,0,0,0,0,675,18519,9597,0,0,0,0),(361,20,78,2016,1,0,0,0,0,0,0,2000,3500,2750,0,0,0,0),(362,20,78,2016,2,0,0,0,0,0,0,2000,3500,2750,0,0,0,0),(363,20,78,2016,3,0,0,0,0,0,0,2000,3500,2750,0,0,0,0),(364,20,78,2016,4,0,0,0,0,0,0,2000,3500,2750,0,0,0,0),(365,20,78,2016,5,0,0,0,0,0,0,2000,3500,2750,0,0,0,0),(366,20,78,2016,6,0,0,0,0,0,0,2000,3500,2750,0,0,0,0),(367,20,78,2016,7,0,0,0,0,0,0,2000,3500,2750,0,0,0,0),(368,20,78,2016,8,0,0,0,0,0,0,2000,3500,2750,0,0,0,0),(369,20,78,2016,9,0,0,0,0,0,0,2000,3500,2750,0,0,0,0),(370,20,78,2016,10,0,0,0,0,0,0,2000,3500,2750,0,0,0,0),(371,20,78,2016,11,0,0,0,0,0,0,2000,3500,2750,0,0,0,0),(372,20,78,2016,12,0,0,0,0,0,0,2000,3500,2750,0,0,0,0),(373,21,78,2016,1,0,0,0,0,0,0,2459,3545,3002,0,0,0,0),(374,21,78,2016,2,0,0,0,0,0,0,2459,3545,3002,0,0,0,0),(375,21,78,2016,3,0,0,0,0,0,0,2459,3545,3002,0,0,0,0),(376,21,78,2016,4,0,0,0,0,0,0,2459,3545,3002,0,0,0,0),(377,21,78,2016,5,0,0,0,0,0,0,2459,3545,3002,0,0,0,0),(378,21,78,2016,6,0,0,0,0,0,0,2459,3545,3002,0,0,0,0),(379,21,78,2016,7,0,0,0,0,0,0,2459,3545,3002,0,0,0,0),(380,21,78,2016,8,0,0,0,0,0,0,2459,3545,3002,0,0,0,0),(381,21,78,2016,9,0,0,0,0,0,0,2459,3545,3002,0,0,0,0),(382,21,78,2016,10,0,0,0,0,0,0,2459,3545,3002,0,0,0,0),(383,21,78,2016,11,0,0,0,0,0,0,2459,3545,3002,0,0,0,0),(384,21,78,2016,12,0,0,0,0,0,0,2459,3545,3002,0,0,0,0),(385,22,78,2016,1,0,0,0,0,0,0,993,4129,2561,0,0,0,0),(386,22,78,2016,2,0,0,0,0,0,0,993,4129,2561,0,0,0,0),(387,22,78,2016,3,0,0,0,0,0,0,993,4129,2561,0,0,0,0),(388,22,78,2016,4,0,0,0,0,0,0,993,4129,2561,0,0,0,0),(389,22,78,2016,5,0,0,0,0,0,0,993,4129,2561,0,0,0,0),(390,22,78,2016,6,0,0,0,0,0,0,993,4129,2561,0,0,0,0),(391,22,78,2016,7,0,0,0,0,0,0,993,4129,2561,0,0,0,0),(392,22,78,2016,8,0,0,0,0,0,0,993,4129,2561,0,0,0,0),(393,22,78,2016,9,0,0,0,0,0,0,993,4129,2561,0,0,0,0),(394,22,78,2016,10,0,0,0,0,0,0,993,4129,2561,0,0,0,0),(395,22,78,2016,11,0,0,0,0,0,0,993,4129,2561,0,0,0,0),(396,22,78,2016,12,0,0,0,0,0,0,993,4129,2561,0,0,0,0),(397,23,78,2016,1,0,0,0,0,0,0,1453,3098,2275.5,0,0,0,0),(398,23,78,2016,2,0,0,0,0,0,0,1453,3098,2275.5,0,0,0,0),(399,23,78,2016,3,0,0,0,0,0,0,1453,3098,2275.5,0,0,0,0),(400,23,78,2016,4,0,0,0,0,0,0,1453,3098,2275.5,0,0,0,0),(401,23,78,2016,5,0,0,0,0,0,0,1453,3098,2275.5,0,0,0,0),(402,23,78,2016,6,0,0,0,0,0,0,1453,3098,2275.5,0,0,0,0),(403,23,78,2016,7,0,0,0,0,0,0,1453,3098,2275.5,0,0,0,0),(404,23,78,2016,8,0,0,0,0,0,0,1453,3098,2275.5,0,0,0,0),(405,23,78,2016,9,0,0,0,0,0,0,1453,3098,2275.5,0,0,0,0),(406,23,78,2016,10,0,0,0,0,0,0,1453,3098,2275.5,0,0,0,0),(407,23,78,2016,11,0,0,0,0,0,0,1453,3098,2275.5,0,0,0,0),(408,23,78,2016,12,0,0,0,0,0,0,1453,3098,2275.5,0,0,0,0),(409,25,78,2016,1,0,0,0,0,0,0,1300,12000,6650,0,0,0,0),(410,25,78,2016,2,0,0,0,0,0,0,1300,12000,6650,0,0,0,0),(411,25,78,2016,3,0,0,0,0,0,0,1300,12000,6650,0,0,0,0),(412,25,78,2016,4,0,0,0,0,0,0,1300,12000,6650,0,0,0,0),(413,25,78,2016,5,0,0,0,0,0,0,1300,12000,6650,0,0,0,0),(414,25,78,2016,6,0,0,0,0,0,0,1300,12000,6650,0,0,0,0),(415,25,78,2016,7,0,0,0,0,0,0,1300,12000,6650,0,0,0,0),(416,25,78,2016,8,0,0,0,0,0,0,1300,12000,6650,0,0,0,0),(417,25,78,2016,9,0,0,0,0,0,0,1300,12000,6650,0,0,0,0),(418,25,78,2016,10,0,0,0,0,0,0,1300,12000,6650,0,0,0,0),(419,25,78,2016,11,0,0,0,0,0,0,1300,12000,6650,0,0,0,0),(420,25,78,2016,12,0,0,0,0,0,0,1300,12000,6650,0,0,0,0),(421,24,78,2016,1,0,0,0,0,0,0,7382,8000,7691,0,0,0,0),(422,24,78,2016,2,0,0,0,0,0,0,7382,8000,7691,0,0,0,0),(423,24,78,2016,3,0,0,0,0,0,0,7382,8000,7691,0,0,0,0),(424,24,78,2016,4,0,0,0,0,0,0,7382,8000,7691,0,0,0,0),(425,24,78,2016,5,0,0,0,0,0,0,7382,8000,7691,0,0,0,0),(426,24,78,2016,6,0,0,0,0,0,0,7382,8000,7691,0,0,0,0),(427,24,78,2016,7,0,0,0,0,0,0,7382,8000,7691,0,0,0,0),(428,24,78,2016,8,0,0,0,0,0,0,7382,8000,7691,0,0,0,0),(429,24,78,2016,9,0,0,0,0,0,0,7382,8000,7691,0,0,0,0),(430,24,78,2016,10,0,0,0,0,0,0,7382,8000,7691,0,0,0,0),(431,24,78,2016,11,0,0,0,0,0,0,7382,8000,7691,0,0,0,0),(432,24,78,2016,12,0,0,0,0,0,0,7382,8000,7691,0,0,0,0),(433,27,78,2016,1,0,0,0,0,0,0,646,10870,5758,0,0,0,0),(434,27,78,2016,2,0,0,0,0,0,0,646,10870,5758,0,0,0,0),(435,27,78,2016,3,0,0,0,0,0,0,646,10870,5758,0,0,0,0),(436,27,78,2016,4,0,0,0,0,0,0,646,10870,5758,0,0,0,0),(437,27,78,2016,5,0,0,0,0,0,0,646,10870,5758,0,0,0,0),(438,27,78,2016,6,0,0,0,0,0,0,646,10870,5758,0,0,0,0),(439,27,78,2016,7,0,0,0,0,0,0,646,10870,5758,0,0,0,0),(440,27,78,2016,8,0,0,0,0,0,0,646,10870,5758,0,0,0,0),(441,27,78,2016,9,0,0,0,0,0,0,646,10870,5758,0,0,0,0),(442,27,78,2016,10,0,0,0,0,0,0,646,10870,5758,0,0,0,0),(443,27,78,2016,11,0,0,0,0,0,0,646,10870,5758,0,0,0,0),(444,27,78,2016,12,0,0,0,0,0,0,646,10870,5758,0,0,0,0),(445,26,78,2016,1,0,0,0,0,0,0,1050,5714,3382,0,0,0,0),(446,26,78,2016,2,0,0,0,0,0,0,1050,5714,3382,0,0,0,0),(447,26,78,2016,3,0,0,0,0,0,0,1050,5714,3382,0,0,0,0),(448,26,78,2016,4,0,0,0,0,0,0,1050,5714,3382,0,0,0,0),(449,26,78,2016,5,0,0,0,0,0,0,1050,5714,3382,0,0,0,0),(450,26,78,2016,6,0,0,0,0,0,0,1050,5714,3382,0,0,0,0),(451,26,78,2016,7,0,0,0,0,0,0,1050,5714,3382,0,0,0,0),(452,26,78,2016,8,0,0,0,0,0,0,1050,5714,3382,0,0,0,0),(453,26,78,2016,9,0,0,0,0,0,0,1050,5714,3382,0,0,0,0),(454,26,78,2016,10,0,0,0,0,0,0,1050,5714,3382,0,0,0,0),(455,26,78,2016,11,0,0,0,0,0,0,1050,5714,3382,0,0,0,0),(456,26,78,2016,12,0,0,0,0,0,0,1050,5714,3382,0,0,0,0),(457,28,78,2016,1,0,0,0,0,0,0,2200,5500,3850,0,0,0,0),(458,28,78,2016,2,0,0,0,0,0,0,2200,5500,3850,0,0,0,0),(459,28,78,2016,3,0,0,0,0,0,0,2200,5500,3850,0,0,0,0),(460,28,78,2016,4,0,0,0,0,0,0,2200,5500,3850,0,0,0,0),(461,28,78,2016,5,0,0,0,0,0,0,2200,5500,3850,0,0,0,0),(462,28,78,2016,6,0,0,0,0,0,0,2200,5500,3850,0,0,0,0),(463,28,78,2016,7,0,0,0,0,0,0,2200,5500,3850,0,0,0,0),(464,28,78,2016,8,0,0,0,0,0,0,2200,5500,3850,0,0,0,0),(465,28,78,2016,9,0,0,0,0,0,0,2200,5500,3850,0,0,0,0),(466,28,78,2016,10,0,0,0,0,0,0,2200,5500,3850,0,0,0,0),(467,28,78,2016,11,0,0,0,0,0,0,2200,5500,3850,0,0,0,0),(468,28,78,2016,12,0,0,0,0,0,0,2200,5500,3850,0,0,0,0),(469,29,78,2016,1,0,0,0,0,0,0,750,4533,2641.5,0,0,0,0),(470,29,78,2016,2,0,0,0,0,0,0,750,4533,2641.5,0,0,0,0),(471,29,78,2016,3,0,0,0,0,0,0,750,4533,2641.5,0,0,0,0),(472,29,78,2016,4,0,0,0,0,0,0,750,4533,2641.5,0,0,0,0),(473,29,78,2016,5,0,0,0,0,0,0,750,4533,2641.5,0,0,0,0),(474,29,78,2016,6,0,0,0,0,0,0,750,4533,2641.5,0,0,0,0),(475,29,78,2016,7,0,0,0,0,0,0,750,4533,2641.5,0,0,0,0),(476,29,78,2016,8,0,0,0,0,0,0,750,4533,2641.5,0,0,0,0),(477,29,78,2016,9,0,0,0,0,0,0,750,4533,2641.5,0,0,0,0),(478,29,78,2016,10,0,0,0,0,0,0,750,4533,2641.5,0,0,0,0),(479,29,78,2016,11,0,0,0,0,0,0,750,4533,2641.5,0,0,0,0),(480,29,78,2016,12,0,0,0,0,0,0,750,4533,2641.5,0,0,0,0),(481,30,78,2016,1,0,0,0,0,0,0,3067,3500,3283.5,0,0,0,0),(482,30,78,2016,2,0,0,0,0,0,0,3067,3500,3283.5,0,0,0,0),(483,30,78,2016,3,0,0,0,0,0,0,3067,3500,3283.5,0,0,0,0),(484,30,78,2016,4,0,0,0,0,0,0,3067,3500,3283.5,0,0,0,0),(485,30,78,2016,5,0,0,0,0,0,0,3067,3500,3283.5,0,0,0,0),(486,30,78,2016,6,0,0,0,0,0,0,3067,3500,3283.5,0,0,0,0),(487,30,78,2016,7,0,0,0,0,0,0,3067,3500,3283.5,0,0,0,0),(488,30,78,2016,8,0,0,0,0,0,0,3067,3500,3283.5,0,0,0,0),(489,30,78,2016,9,0,0,0,0,0,0,3067,3500,3283.5,0,0,0,0),(490,30,78,2016,10,0,0,0,0,0,0,3067,3500,3283.5,0,0,0,0),(491,30,78,2016,11,0,0,0,0,0,0,3067,3500,3283.5,0,0,0,0),(492,30,78,2016,12,0,0,0,0,0,0,3067,3500,3283.5,0,0,0,0),(493,31,78,2016,1,0,0,0,0,0,0,953,4198,2575.5,0,0,0,0),(494,31,78,2016,2,0,0,0,0,0,0,953,4198,2575.5,0,0,0,0),(495,31,78,2016,3,0,0,0,0,0,0,953,4198,2575.5,0,0,0,0),(496,31,78,2016,4,0,0,0,0,0,0,953,4198,2575.5,0,0,0,0),(497,31,78,2016,5,0,0,0,0,0,0,953,4198,2575.5,0,0,0,0),(498,31,78,2016,6,0,0,0,0,0,0,953,4198,2575.5,0,0,0,0),(499,31,78,2016,7,0,0,0,0,0,0,953,4198,2575.5,0,0,0,0),(500,31,78,2016,8,0,0,0,0,0,0,953,4198,2575.5,0,0,0,0),(501,31,78,2016,9,0,0,0,0,0,0,953,4198,2575.5,0,0,0,0),(502,31,78,2016,10,0,0,0,0,0,0,953,4198,2575.5,0,0,0,0),(503,31,78,2016,11,0,0,0,0,0,0,953,4198,2575.5,0,0,0,0),(504,31,78,2016,12,0,0,0,0,0,0,953,4198,2575.5,0,0,0,0),(505,32,78,2016,1,0,0,0,0,0,0,3780,3780,3780,0,0,0,0),(506,32,78,2016,2,0,0,0,0,0,0,3780,3780,3780,0,0,0,0),(507,32,78,2016,3,0,0,0,0,0,0,3780,3780,3780,0,0,0,0),(508,32,78,2016,4,0,0,0,0,0,0,3780,3780,3780,0,0,0,0),(509,32,78,2016,5,0,0,0,0,0,0,3780,3780,3780,0,0,0,0),(510,32,78,2016,6,0,0,0,0,0,0,3780,3780,3780,0,0,0,0),(511,32,78,2016,7,0,0,0,0,0,0,3780,3780,3780,0,0,0,0),(512,32,78,2016,8,0,0,0,0,0,0,3780,3780,3780,0,0,0,0),(513,32,78,2016,9,0,0,0,0,0,0,3780,3780,3780,0,0,0,0),(514,32,78,2016,10,0,0,0,0,0,0,3780,3780,3780,0,0,0,0),(515,32,78,2016,11,0,0,0,0,0,0,3780,3780,3780,0,0,0,0),(516,32,78,2016,12,0,0,0,0,0,0,3780,3780,3780,0,0,0,0),(517,33,78,2016,1,0,0,0,0,0,0,1600,0,800,0,0,0,0),(518,33,78,2016,2,0,0,0,0,0,0,1600,0,800,0,0,0,0),(519,33,78,2016,3,0,0,0,0,0,0,1600,0,800,0,0,0,0),(520,33,78,2016,4,0,0,0,0,0,0,1600,0,800,0,0,0,0),(521,33,78,2016,5,0,0,0,0,0,0,1600,0,800,0,0,0,0),(522,33,78,2016,6,0,0,0,0,0,0,1600,0,800,0,0,0,0),(523,33,78,2016,7,0,0,0,0,0,0,1600,0,800,0,0,0,0),(524,33,78,2016,8,0,0,0,0,0,0,1600,0,800,0,0,0,0),(525,33,78,2016,9,0,0,0,0,0,0,1600,0,800,0,0,0,0),(526,33,78,2016,10,0,0,0,0,0,0,1600,0,800,0,0,0,0),(527,33,78,2016,11,0,0,0,0,0,0,1600,0,800,0,0,0,0),(528,33,78,2016,12,0,0,0,0,0,0,1600,0,800,0,0,0,0),(529,34,78,2016,1,0,0,0,0,0,0,1080,3694,2387,0,0,0,0),(530,34,78,2016,2,0,0,0,0,0,0,1080,3694,2387,0,0,0,0),(531,34,78,2016,3,0,0,0,0,0,0,1080,3694,2387,0,0,0,0),(532,34,78,2016,4,0,0,0,0,0,0,1080,3694,2387,0,0,0,0),(533,34,78,2016,5,0,0,0,0,0,0,1080,3694,2387,0,0,0,0),(534,34,78,2016,6,0,0,0,0,0,0,1080,3694,2387,0,0,0,0),(535,34,78,2016,7,0,0,0,0,0,0,1080,3694,2387,0,0,0,0),(536,34,78,2016,8,0,0,0,0,0,0,1080,3694,2387,0,0,0,0),(537,34,78,2016,9,0,0,0,0,0,0,1080,3694,2387,0,0,0,0),(538,34,78,2016,10,0,0,0,0,0,0,1080,3694,2387,0,0,0,0),(539,34,78,2016,11,0,0,0,0,0,0,1080,3694,2387,0,0,0,0),(540,34,78,2016,12,0,0,0,0,0,0,1080,3694,2387,0,0,0,0),(541,35,78,2016,1,0,0,0,0,0,0,800,6500,3650,0,0,0,0),(542,35,78,2016,2,0,0,0,0,0,0,800,6500,3650,0,0,0,0),(543,35,78,2016,3,0,0,0,0,0,0,800,6500,3650,0,0,0,0),(544,35,78,2016,4,0,0,0,0,0,0,800,6500,3650,0,0,0,0),(545,35,78,2016,5,0,0,0,0,0,0,800,6500,3650,0,0,0,0),(546,35,78,2016,6,0,0,0,0,0,0,800,6500,3650,0,0,0,0),(547,35,78,2016,7,0,0,0,0,0,0,800,6500,3650,0,0,0,0),(548,35,78,2016,8,0,0,0,0,0,0,800,6500,3650,0,0,0,0),(549,35,78,2016,9,0,0,0,0,0,0,800,6500,3650,0,0,0,0),(550,35,78,2016,10,0,0,0,0,0,0,800,6500,3650,0,0,0,0),(551,35,78,2016,11,0,0,0,0,0,0,800,6500,3650,0,0,0,0),(552,35,78,2016,12,0,0,0,0,0,0,800,6500,3650,0,0,0,0),(553,36,78,2016,1,0,0,0,0,0,0,550,11765,6157.5,0,0,0,0),(554,36,78,2016,2,0,0,0,0,0,0,550,11765,6157.5,0,0,0,0),(555,36,78,2016,3,0,0,0,0,0,0,550,11765,6157.5,0,0,0,0),(556,36,78,2016,4,0,0,0,0,0,0,550,11765,6157.5,0,0,0,0),(557,36,78,2016,5,0,0,0,0,0,0,550,11765,6157.5,0,0,0,0),(558,36,78,2016,6,0,0,0,0,0,0,550,11765,6157.5,0,0,0,0),(559,36,78,2016,7,0,0,0,0,0,0,550,11765,6157.5,0,0,0,0),(560,36,78,2016,8,0,0,0,0,0,0,550,11765,6157.5,0,0,0,0),(561,36,78,2016,9,0,0,0,0,0,0,550,11765,6157.5,0,0,0,0),(562,36,78,2016,10,0,0,0,0,0,0,550,11765,6157.5,0,0,0,0),(563,36,78,2016,11,0,0,0,0,0,0,550,11765,6157.5,0,0,0,0),(564,36,78,2016,12,0,0,0,0,0,0,550,11765,6157.5,0,0,0,0),(565,37,78,2016,1,0,0,0,0,0,0,780,10466,5623,0,0,0,0),(566,37,78,2016,2,0,0,0,0,0,0,780,10466,5623,0,0,0,0),(567,37,78,2016,3,0,0,0,0,0,0,780,10466,5623,0,0,0,0),(568,37,78,2016,4,0,0,0,0,0,0,780,10466,5623,0,0,0,0),(569,37,78,2016,5,0,0,0,0,0,0,780,10466,5623,0,0,0,0),(570,37,78,2016,6,0,0,0,0,0,0,780,10466,5623,0,0,0,0),(571,37,78,2016,7,0,0,0,0,0,0,780,10466,5623,0,0,0,0),(572,37,78,2016,8,0,0,0,0,0,0,780,10466,5623,0,0,0,0),(573,37,78,2016,9,0,0,0,0,0,0,780,10466,5623,0,0,0,0),(574,37,78,2016,10,0,0,0,0,0,0,780,10466,5623,0,0,0,0),(575,37,78,2016,11,0,0,0,0,0,0,780,10466,5623,0,0,0,0),(576,37,78,2016,12,0,0,0,0,0,0,780,10466,5623,0,0,0,0),(577,38,78,2016,1,0,0,0,0,0,0,899,6154,3526.5,0,0,0,0),(578,38,78,2016,2,0,0,0,0,0,0,899,6154,3526.5,0,0,0,0),(579,38,78,2016,3,0,0,0,0,0,0,899,6154,3526.5,0,0,0,0),(580,38,78,2016,4,0,0,0,0,0,0,899,6154,3526.5,0,0,0,0),(581,38,78,2016,5,0,0,0,0,0,0,899,6154,3526.5,0,0,0,0),(582,38,78,2016,6,0,0,0,0,0,0,899,6154,3526.5,0,0,0,0),(583,38,78,2016,7,0,0,0,0,0,0,899,6154,3526.5,0,0,0,0),(584,38,78,2016,8,0,0,0,0,0,0,899,6154,3526.5,0,0,0,0),(585,38,78,2016,9,0,0,0,0,0,0,899,6154,3526.5,0,0,0,0),(586,38,78,2016,10,0,0,0,0,0,0,899,6154,3526.5,0,0,0,0),(587,38,78,2016,11,0,0,0,0,0,0,899,6154,3526.5,0,0,0,0),(588,38,78,2016,12,0,0,0,0,0,0,899,6154,3526.5,0,0,0,0),(589,39,78,2016,1,0,0,0,0,0,0,1000,5200,3100,0,0,0,0),(590,39,78,2016,2,0,0,0,0,0,0,1000,5200,3100,0,0,0,0),(591,39,78,2016,3,0,0,0,0,0,0,1000,5200,3100,0,0,0,0),(592,39,78,2016,4,0,0,0,0,0,0,1000,5200,3100,0,0,0,0),(593,39,78,2016,5,0,0,0,0,0,0,1000,5200,3100,0,0,0,0),(594,39,78,2016,6,0,0,0,0,0,0,1000,5200,3100,0,0,0,0),(595,39,78,2016,7,0,0,0,0,0,0,1000,5200,3100,0,0,0,0),(596,39,78,2016,8,0,0,0,0,0,0,1000,5200,3100,0,0,0,0),(597,39,78,2016,9,0,0,0,0,0,0,1000,5200,3100,0,0,0,0),(598,39,78,2016,10,0,0,0,0,0,0,1000,5200,3100,0,0,0,0),(599,39,78,2016,11,0,0,0,0,0,0,1000,5200,3100,0,0,0,0),(600,39,78,2016,12,0,0,0,0,0,0,1000,5200,3100,0,0,0,0),(601,40,78,2016,1,0,0,0,0,0,0,1250,6734,3992,0,0,0,0),(602,40,78,2016,2,0,0,0,0,0,0,1250,6734,3992,0,0,0,0),(603,40,78,2016,3,0,0,0,0,0,0,1250,6734,3992,0,0,0,0),(604,40,78,2016,4,0,0,0,0,0,0,1250,6734,3992,0,0,0,0),(605,40,78,2016,5,0,0,0,0,0,0,1250,6734,3992,0,0,0,0),(606,40,78,2016,6,0,0,0,0,0,0,1250,6734,3992,0,0,0,0),(607,40,78,2016,7,0,0,0,0,0,0,1250,6734,3992,0,0,0,0),(608,40,78,2016,8,0,0,0,0,0,0,1250,6734,3992,0,0,0,0),(609,40,78,2016,9,0,0,0,0,0,0,1250,6734,3992,0,0,0,0),(610,40,78,2016,10,0,0,0,0,0,0,1250,6734,3992,0,0,0,0),(611,40,78,2016,11,0,0,0,0,0,0,1250,6734,3992,0,0,0,0),(612,40,78,2016,12,0,0,0,0,0,0,1250,6734,3992,0,0,0,0),(613,41,78,2016,1,0,0,0,0,0,0,910,6044,3477,0,0,0,0),(614,41,78,2016,2,0,0,0,0,0,0,910,6044,3477,0,0,0,0),(615,41,78,2016,3,0,0,0,0,0,0,910,6044,3477,0,0,0,0),(616,41,78,2016,4,0,0,0,0,0,0,910,6044,3477,0,0,0,0),(617,41,78,2016,5,0,0,0,0,0,0,910,6044,3477,0,0,0,0),(618,41,78,2016,6,0,0,0,0,0,0,910,6044,3477,0,0,0,0),(619,41,78,2016,7,0,0,0,0,0,0,910,6044,3477,0,0,0,0),(620,41,78,2016,8,0,0,0,0,0,0,910,6044,3477,0,0,0,0),(621,41,78,2016,9,0,0,0,0,0,0,910,6044,3477,0,0,0,0),(622,41,78,2016,10,0,0,0,0,0,0,910,6044,3477,0,0,0,0),(623,41,78,2016,11,0,0,0,0,0,0,910,6044,3477,0,0,0,0),(624,41,78,2016,12,0,0,0,0,0,0,910,6044,3477,0,0,0,0),(625,37,78,2016,1,0,0,0,0,0,0,860,10466,5663,0,0,0,0),(626,37,78,2016,2,0,0,0,0,0,0,860,10466,5663,0,0,0,0),(627,37,78,2016,3,0,0,0,0,0,0,860,10466,5663,0,0,0,0),(628,37,78,2016,4,0,0,0,0,0,0,860,10466,5663,0,0,0,0),(629,37,78,2016,5,0,0,0,0,0,0,860,10466,5663,0,0,0,0),(630,37,78,2016,6,0,0,0,0,0,0,860,10466,5663,0,0,0,0),(631,37,78,2016,7,0,0,0,0,0,0,860,10466,5663,0,0,0,0),(632,37,78,2016,8,0,0,0,0,0,0,860,10466,5663,0,0,0,0),(633,37,78,2016,9,0,0,0,0,0,0,860,10466,5663,0,0,0,0),(634,37,78,2016,10,0,0,0,0,0,0,860,10466,5663,0,0,0,0),(635,37,78,2016,11,0,0,0,0,0,0,860,10466,5663,0,0,0,0),(636,37,78,2016,12,0,0,0,0,0,0,860,10466,5663,0,0,0,0),(637,42,78,2016,1,0,0,0,0,0,0,2977,3279,3128,0,0,0,0),(638,42,78,2016,2,0,0,0,0,0,0,2977,3279,3128,0,0,0,0),(639,42,78,2016,3,0,0,0,0,0,0,2977,3279,3128,0,0,0,0),(640,42,78,2016,4,0,0,0,0,0,0,2977,3279,3128,0,0,0,0),(641,42,78,2016,5,0,0,0,0,0,0,2977,3279,3128,0,0,0,0),(642,42,78,2016,6,0,0,0,0,0,0,2977,3279,3128,0,0,0,0),(643,42,78,2016,7,0,0,0,0,0,0,2977,3279,3128,0,0,0,0),(644,42,78,2016,8,0,0,0,0,0,0,2977,3279,3128,0,0,0,0),(645,42,78,2016,9,0,0,0,0,0,0,2977,3279,3128,0,0,0,0),(646,42,78,2016,10,0,0,0,0,0,0,2977,3279,3128,0,0,0,0),(647,42,78,2016,11,0,0,0,0,0,0,2977,3279,3128,0,0,0,0),(648,42,78,2016,12,0,0,0,0,0,0,2977,3279,3128,0,0,0,0),(649,43,78,2016,1,0,0,0,0,0,0,1165,0,582.5,0,0,0,0),(650,43,78,2016,2,0,0,0,0,0,0,1165,0,582.5,0,0,0,0),(651,43,78,2016,3,0,0,0,0,0,0,1165,0,582.5,0,0,0,0),(652,43,78,2016,4,0,0,0,0,0,0,1165,0,582.5,0,0,0,0),(653,43,78,2016,5,0,0,0,0,0,0,1165,0,582.5,0,0,0,0),(654,43,78,2016,6,0,0,0,0,0,0,1165,0,582.5,0,0,0,0),(655,43,78,2016,7,0,0,0,0,0,0,1165,0,582.5,0,0,0,0),(656,43,78,2016,8,0,0,0,0,0,0,1165,0,582.5,0,0,0,0),(657,43,78,2016,9,0,0,0,0,0,0,1165,0,582.5,0,0,0,0),(658,43,78,2016,10,0,0,0,0,0,0,1165,0,582.5,0,0,0,0),(659,43,78,2016,11,0,0,0,0,0,0,1165,0,582.5,0,0,0,0),(660,43,78,2016,12,0,0,0,0,0,0,1165,0,582.5,0,0,0,0),(661,44,78,2016,1,0,0,0,0,0,0,0,0,0,0,0,0,0),(662,44,78,2016,2,0,0,0,0,0,0,0,0,0,0,0,0,0),(663,44,78,2016,3,0,0,0,0,0,0,0,0,0,0,0,0,0),(664,44,78,2016,4,0,0,0,0,0,0,0,0,0,0,0,0,0),(665,44,78,2016,5,0,0,0,0,0,0,0,0,0,0,0,0,0),(666,44,78,2016,6,0,0,0,0,0,0,0,0,0,0,0,0,0),(667,44,78,2016,7,0,0,0,0,0,0,0,0,0,0,0,0,0),(668,44,78,2016,8,0,0,0,0,0,0,0,0,0,0,0,0,0),(669,44,78,2016,9,0,0,0,0,0,0,0,0,0,0,0,0,0),(670,44,78,2016,10,0,0,0,0,0,0,0,0,0,0,0,0,0),(671,44,78,2016,11,0,0,0,0,0,0,0,0,0,0,0,0,0),(672,44,78,2016,12,0,0,0,0,0,0,0,0,0,0,0,0,0),(673,45,78,2016,1,0,0,0,0,0,0,950,6350,3650,0,0,0,0),(674,45,78,2016,2,0,0,0,0,0,0,950,6350,3650,0,0,0,0),(675,45,78,2016,3,0,0,0,0,0,0,950,6350,3650,0,0,0,0),(676,45,78,2016,4,0,0,0,0,0,0,950,6350,3650,0,0,0,0),(677,45,78,2016,5,0,0,0,0,0,0,950,6350,3650,0,0,0,0),(678,45,78,2016,6,0,0,0,0,0,0,950,6350,3650,0,0,0,0),(679,45,78,2016,7,0,0,0,0,0,0,950,6350,3650,0,0,0,0),(680,45,78,2016,8,0,0,0,0,0,0,950,6350,3650,0,0,0,0),(681,45,78,2016,9,0,0,0,0,0,0,950,6350,3650,0,0,0,0),(682,45,78,2016,10,0,0,0,0,0,0,950,6350,3650,0,0,0,0),(683,45,78,2016,11,0,0,0,0,0,0,950,6350,3650,0,0,0,0),(684,45,78,2016,12,0,0,0,0,0,0,950,6350,3650,0,0,0,0),(685,46,78,2016,1,0,0,0,0,0,0,2400,6666,4533,0,0,0,0),(686,46,78,2016,2,0,0,0,0,0,0,2400,6666,4533,0,0,0,0),(687,46,78,2016,3,0,0,0,0,0,0,2400,6666,4533,0,0,0,0),(688,46,78,2016,4,0,0,0,0,0,0,2400,6666,4533,0,0,0,0),(689,46,78,2016,5,0,0,0,0,0,0,2400,6666,4533,0,0,0,0),(690,46,78,2016,6,0,0,0,0,0,0,2400,6666,4533,0,0,0,0),(691,46,78,2016,7,0,0,0,0,0,0,2400,6666,4533,0,0,0,0),(692,46,78,2016,8,0,0,0,0,0,0,2400,6666,4533,0,0,0,0),(693,46,78,2016,9,0,0,0,0,0,0,2400,6666,4533,0,0,0,0),(694,46,78,2016,10,0,0,0,0,0,0,2400,6666,4533,0,0,0,0),(695,46,78,2016,11,0,0,0,0,0,0,2400,6666,4533,0,0,0,0),(696,46,78,2016,12,0,0,0,0,0,0,2400,6666,4533,0,0,0,0),(697,47,78,2016,1,0,0,0,0,0,0,1500,10666,6083,0,0,0,0),(698,47,78,2016,2,0,0,0,0,0,0,1500,10666,6083,0,0,0,0),(699,47,78,2016,3,0,0,0,0,0,0,1500,10666,6083,0,0,0,0),(700,47,78,2016,4,0,0,0,0,0,0,1500,10666,6083,0,0,0,0),(701,47,78,2016,5,0,0,0,0,0,0,1500,10666,6083,0,0,0,0),(702,47,78,2016,6,0,0,0,0,0,0,1500,10666,6083,0,0,0,0),(703,47,78,2016,7,0,0,0,0,0,0,1500,10666,6083,0,0,0,0),(704,47,78,2016,8,0,0,0,0,0,0,1500,10666,6083,0,0,0,0),(705,47,78,2016,9,0,0,0,0,0,0,1500,10666,6083,0,0,0,0),(706,47,78,2016,10,0,0,0,0,0,0,1500,10666,6083,0,0,0,0),(707,47,78,2016,11,0,0,0,0,0,0,1500,10666,6083,0,0,0,0),(708,47,78,2016,12,0,0,0,0,0,0,1500,10666,6083,0,0,0,0),(709,48,78,2016,1,0,0,0,0,0,0,625,5000,2812.5,0,0,0,0),(710,48,78,2016,2,0,0,0,0,0,0,625,5000,2812.5,0,0,0,0),(711,48,78,2016,3,0,0,0,0,0,0,625,5000,2812.5,0,0,0,0),(712,48,78,2016,4,0,0,0,0,0,0,625,5000,2812.5,0,0,0,0),(713,48,78,2016,5,0,0,0,0,0,0,625,5000,2812.5,0,0,0,0),(714,48,78,2016,6,0,0,0,0,0,0,625,5000,2812.5,0,0,0,0),(715,48,78,2016,7,0,0,0,0,0,0,625,5000,2812.5,0,0,0,0),(716,48,78,2016,8,0,0,0,0,0,0,625,5000,2812.5,0,0,0,0),(717,48,78,2016,9,0,0,0,0,0,0,625,5000,2812.5,0,0,0,0),(718,48,78,2016,10,0,0,0,0,0,0,625,5000,2812.5,0,0,0,0),(719,48,78,2016,11,0,0,0,0,0,0,625,5000,2812.5,0,0,0,0),(720,48,78,2016,12,0,0,0,0,0,0,625,5000,2812.5,0,0,0,0),(721,49,78,2016,1,0,0,0,0,0,0,1141,4504,2822.5,0,0,0,0),(722,49,78,2016,2,0,0,0,0,0,0,1141,4504,2822.5,0,0,0,0),(723,49,78,2016,3,0,0,0,0,0,0,1141,4504,2822.5,0,0,0,0),(724,49,78,2016,4,0,0,0,0,0,0,1141,4504,2822.5,0,0,0,0),(725,49,78,2016,5,0,0,0,0,0,0,1141,4504,2822.5,0,0,0,0),(726,49,78,2016,6,0,0,0,0,0,0,1141,4504,2822.5,0,0,0,0),(727,49,78,2016,7,0,0,0,0,0,0,1141,4504,2822.5,0,0,0,0),(728,49,78,2016,8,0,0,0,0,0,0,1141,4504,2822.5,0,0,0,0),(729,49,78,2016,9,0,0,0,0,0,0,1141,4504,2822.5,0,0,0,0),(730,49,78,2016,10,0,0,0,0,0,0,1141,4504,2822.5,0,0,0,0),(731,49,78,2016,11,0,0,0,0,0,0,1141,4504,2822.5,0,0,0,0),(732,49,78,2016,12,0,0,0,0,0,0,1141,4504,2822.5,0,0,0,0),(733,51,78,2016,1,0,0,0,0,0,0,2051,3571,2811,0,0,0,0),(734,51,78,2016,2,0,0,0,0,0,0,2051,3571,2811,0,0,0,0),(735,51,78,2016,3,0,0,0,0,0,0,2051,3571,2811,0,0,0,0),(736,51,78,2016,4,0,0,0,0,0,0,2051,3571,2811,0,0,0,0),(737,51,78,2016,5,0,0,0,0,0,0,2051,3571,2811,0,0,0,0),(738,51,78,2016,6,0,0,0,0,0,0,2051,3571,2811,0,0,0,0),(739,51,78,2016,7,0,0,0,0,0,0,2051,3571,2811,0,0,0,0),(740,51,78,2016,8,0,0,0,0,0,0,2051,3571,2811,0,0,0,0),(741,51,78,2016,9,0,0,0,0,0,0,2051,3571,2811,0,0,0,0),(742,51,78,2016,10,0,0,0,0,0,0,2051,3571,2811,0,0,0,0),(743,51,78,2016,11,0,0,0,0,0,0,2051,3571,2811,0,0,0,0),(744,51,78,2016,12,0,0,0,0,0,0,2051,3571,2811,0,0,0,0),(745,50,78,2016,1,0,0,0,0,0,0,1200,4583,2891.5,0,0,0,0),(746,50,78,2016,2,0,0,0,0,0,0,1200,4583,2891.5,0,0,0,0),(747,50,78,2016,3,0,0,0,0,0,0,1200,4583,2891.5,0,0,0,0),(748,50,78,2016,4,0,0,0,0,0,0,1200,4583,2891.5,0,0,0,0),(749,50,78,2016,5,0,0,0,0,0,0,1200,4583,2891.5,0,0,0,0),(750,50,78,2016,6,0,0,0,0,0,0,1200,4583,2891.5,0,0,0,0),(751,50,78,2016,7,0,0,0,0,0,0,1200,4583,2891.5,0,0,0,0),(752,50,78,2016,8,0,0,0,0,0,0,1200,4583,2891.5,0,0,0,0),(753,50,78,2016,9,0,0,0,0,0,0,1200,4583,2891.5,0,0,0,0),(754,50,78,2016,10,0,0,0,0,0,0,1200,4583,2891.5,0,0,0,0),(755,50,78,2016,11,0,0,0,0,0,0,1200,4583,2891.5,0,0,0,0),(756,50,78,2016,12,0,0,0,0,0,0,1200,4583,2891.5,0,0,0,0),(757,52,78,2016,1,0,0,0,0,0,0,3889,4080,3984.5,0,0,0,0),(758,52,78,2016,2,0,0,0,0,0,0,3889,4080,3984.5,0,0,0,0),(759,52,78,2016,3,0,0,0,0,0,0,3889,4080,3984.5,0,0,0,0),(760,52,78,2016,4,0,0,0,0,0,0,3889,4080,3984.5,0,0,0,0),(761,52,78,2016,5,0,0,0,0,0,0,3889,4080,3984.5,0,0,0,0),(762,52,78,2016,6,0,0,0,0,0,0,3889,4080,3984.5,0,0,0,0),(763,52,78,2016,7,0,0,0,0,0,0,3889,4080,3984.5,0,0,0,0),(764,52,78,2016,8,0,0,0,0,0,0,3889,4080,3984.5,0,0,0,0),(765,52,78,2016,9,0,0,0,0,0,0,3889,4080,3984.5,0,0,0,0),(766,52,78,2016,10,0,0,0,0,0,0,3889,4080,3984.5,0,0,0,0),(767,52,78,2016,11,0,0,0,0,0,0,3889,4080,3984.5,0,0,0,0),(768,52,78,2016,12,0,0,0,0,0,0,3889,4080,3984.5,0,0,0,0),(769,53,78,2016,1,0,0,0,0,0,0,5217,5217,5217,0,0,0,0),(770,53,78,2016,2,0,0,0,0,0,0,5217,5217,5217,0,0,0,0),(771,53,78,2016,3,0,0,0,0,0,0,5217,5217,5217,0,0,0,0),(772,53,78,2016,4,0,0,0,0,0,0,5217,5217,5217,0,0,0,0),(773,53,78,2016,5,0,0,0,0,0,0,5217,5217,5217,0,0,0,0),(774,53,78,2016,6,0,0,0,0,0,0,5217,5217,5217,0,0,0,0),(775,53,78,2016,7,0,0,0,0,0,0,5217,5217,5217,0,0,0,0),(776,53,78,2016,8,0,0,0,0,0,0,5217,5217,5217,0,0,0,0),(777,53,78,2016,9,0,0,0,0,0,0,5217,5217,5217,0,0,0,0),(778,53,78,2016,10,0,0,0,0,0,0,5217,5217,5217,0,0,0,0),(779,53,78,2016,11,0,0,0,0,0,0,5217,5217,5217,0,0,0,0),(780,53,78,2016,12,0,0,0,0,0,0,5217,5217,5217,0,0,0,0),(781,54,78,2016,1,0,0,0,0,0,0,2994,3867,3430.5,0,0,0,0),(782,54,78,2016,2,0,0,0,0,0,0,2994,3867,3430.5,0,0,0,0),(783,54,78,2016,3,0,0,0,0,0,0,2994,3867,3430.5,0,0,0,0),(784,54,78,2016,4,0,0,0,0,0,0,2994,3867,3430.5,0,0,0,0),(785,54,78,2016,5,0,0,0,0,0,0,2994,3867,3430.5,0,0,0,0),(786,54,78,2016,6,0,0,0,0,0,0,2994,3867,3430.5,0,0,0,0),(787,54,78,2016,7,0,0,0,0,0,0,2994,3867,3430.5,0,0,0,0),(788,54,78,2016,8,0,0,0,0,0,0,2994,3867,3430.5,0,0,0,0),(789,54,78,2016,9,0,0,0,0,0,0,2994,3867,3430.5,0,0,0,0),(790,54,78,2016,10,0,0,0,0,0,0,2994,3867,3430.5,0,0,0,0),(791,54,78,2016,11,0,0,0,0,0,0,2994,3867,3430.5,0,0,0,0),(792,54,78,2016,12,0,0,0,0,0,0,2994,3867,3430.5,0,0,0,0),(793,55,78,2016,1,0,0,0,0,0,0,975,3298,2136.5,0,0,0,0),(794,55,78,2016,2,0,0,0,0,0,0,975,3298,2136.5,0,0,0,0),(795,55,78,2016,3,0,0,0,0,0,0,975,3298,2136.5,0,0,0,0),(796,55,78,2016,4,0,0,0,0,0,0,975,3298,2136.5,0,0,0,0),(797,55,78,2016,5,0,0,0,0,0,0,975,3298,2136.5,0,0,0,0),(798,55,78,2016,6,0,0,0,0,0,0,975,3298,2136.5,0,0,0,0),(799,55,78,2016,7,0,0,0,0,0,0,975,3298,2136.5,0,0,0,0),(800,55,78,2016,8,0,0,0,0,0,0,975,3298,2136.5,0,0,0,0),(801,55,78,2016,9,0,0,0,0,0,0,975,3298,2136.5,0,0,0,0),(802,55,78,2016,10,0,0,0,0,0,0,975,3298,2136.5,0,0,0,0),(803,55,78,2016,11,0,0,0,0,0,0,975,3298,2136.5,0,0,0,0),(804,55,78,2016,12,0,0,0,0,0,0,975,3298,2136.5,0,0,0,0),(805,56,78,2016,1,0,0,0,0,0,0,500,6030,3265,0,0,0,0),(806,56,78,2016,2,0,0,0,0,0,0,500,6030,3265,0,0,0,0),(807,56,78,2016,3,0,0,0,0,0,0,500,6030,3265,0,0,0,0),(808,56,78,2016,4,0,0,0,0,0,0,500,6030,3265,0,0,0,0),(809,56,78,2016,5,0,0,0,0,0,0,500,6030,3265,0,0,0,0),(810,56,78,2016,6,0,0,0,0,0,0,500,6030,3265,0,0,0,0),(811,56,78,2016,7,0,0,0,0,0,0,500,6030,3265,0,0,0,0),(812,56,78,2016,8,0,0,0,0,0,0,500,6030,3265,0,0,0,0),(813,56,78,2016,9,0,0,0,0,0,0,500,6030,3265,0,0,0,0),(814,56,78,2016,10,0,0,0,0,0,0,500,6030,3265,0,0,0,0),(815,56,78,2016,11,0,0,0,0,0,0,500,6030,3265,0,0,0,0),(816,56,78,2016,12,0,0,0,0,0,0,500,6030,3265,0,0,0,0),(817,57,78,2016,1,0,0,0,0,0,0,1600,2812,2206,0,0,0,0),(818,57,78,2016,2,0,0,0,0,0,0,1600,2812,2206,0,0,0,0),(819,57,78,2016,3,0,0,0,0,0,0,1600,2812,2206,0,0,0,0),(820,57,78,2016,4,0,0,0,0,0,0,1600,2812,2206,0,0,0,0),(821,57,78,2016,5,0,0,0,0,0,0,1600,2812,2206,0,0,0,0),(822,57,78,2016,6,0,0,0,0,0,0,1600,2812,2206,0,0,0,0),(823,57,78,2016,7,0,0,0,0,0,0,1600,2812,2206,0,0,0,0),(824,57,78,2016,8,0,0,0,0,0,0,1600,2812,2206,0,0,0,0),(825,57,78,2016,9,0,0,0,0,0,0,1600,2812,2206,0,0,0,0),(826,57,78,2016,10,0,0,0,0,0,0,1600,2812,2206,0,0,0,0),(827,57,78,2016,11,0,0,0,0,0,0,1600,2812,2206,0,0,0,0),(828,57,78,2016,12,0,0,0,0,0,0,1600,2812,2206,0,0,0,0),(829,58,78,2016,1,0,0,0,0,0,0,1184,4375,2779.5,0,0,0,0),(830,58,78,2016,2,0,0,0,0,0,0,1184,4375,2779.5,0,0,0,0),(831,58,78,2016,3,0,0,0,0,0,0,1184,4375,2779.5,0,0,0,0),(832,58,78,2016,4,0,0,0,0,0,0,1184,4375,2779.5,0,0,0,0),(833,58,78,2016,5,0,0,0,0,0,0,1184,4375,2779.5,0,0,0,0),(834,58,78,2016,6,0,0,0,0,0,0,1184,4375,2779.5,0,0,0,0),(835,58,78,2016,7,0,0,0,0,0,0,1184,4375,2779.5,0,0,0,0),(836,58,78,2016,8,0,0,0,0,0,0,1184,4375,2779.5,0,0,0,0),(837,58,78,2016,9,0,0,0,0,0,0,1184,4375,2779.5,0,0,0,0),(838,58,78,2016,10,0,0,0,0,0,0,1184,4375,2779.5,0,0,0,0),(839,58,78,2016,11,0,0,0,0,0,0,1184,4375,2779.5,0,0,0,0),(840,58,78,2016,12,0,0,0,0,0,0,1184,4375,2779.5,0,0,0,0),(841,59,78,2016,1,0,0,0,0,0,0,1100,3272,2186,0,0,0,0),(842,59,78,2016,2,0,0,0,0,0,0,1100,3272,2186,0,0,0,0),(843,59,78,2016,3,0,0,0,0,0,0,1100,3272,2186,0,0,0,0),(844,59,78,2016,4,0,0,0,0,0,0,1100,3272,2186,0,0,0,0),(845,59,78,2016,5,0,0,0,0,0,0,1100,3272,2186,0,0,0,0),(846,59,78,2016,6,0,0,0,0,0,0,1100,3272,2186,0,0,0,0),(847,59,78,2016,7,0,0,0,0,0,0,1100,3272,2186,0,0,0,0),(848,59,78,2016,8,0,0,0,0,0,0,1100,3272,2186,0,0,0,0),(849,59,78,2016,9,0,0,0,0,0,0,1100,3272,2186,0,0,0,0),(850,59,78,2016,10,0,0,0,0,0,0,1100,3272,2186,0,0,0,0),(851,59,78,2016,11,0,0,0,0,0,0,1100,3272,2186,0,0,0,0),(852,59,78,2016,12,0,0,0,0,0,0,1100,3272,2186,0,0,0,0),(853,60,78,2016,1,0,0,0,0,0,0,380,3011,1695.5,0,0,0,0),(854,60,78,2016,2,0,0,0,0,0,0,380,3011,1695.5,0,0,0,0),(855,60,78,2016,3,0,0,0,0,0,0,380,3011,1695.5,0,0,0,0),(856,60,78,2016,4,0,0,0,0,0,0,380,3011,1695.5,0,0,0,0),(857,60,78,2016,5,0,0,0,0,0,0,380,3011,1695.5,0,0,0,0),(858,60,78,2016,6,0,0,0,0,0,0,380,3011,1695.5,0,0,0,0),(859,60,78,2016,7,0,0,0,0,0,0,380,3011,1695.5,0,0,0,0),(860,60,78,2016,8,0,0,0,0,0,0,380,3011,1695.5,0,0,0,0),(861,60,78,2016,9,0,0,0,0,0,0,380,3011,1695.5,0,0,0,0),(862,60,78,2016,10,0,0,0,0,0,0,380,3011,1695.5,0,0,0,0),(863,60,78,2016,11,0,0,0,0,0,0,380,3011,1695.5,0,0,0,0),(864,60,78,2016,12,0,0,0,0,0,0,380,3011,1695.5,0,0,0,0),(865,61,78,2016,1,0,0,0,0,0,0,500,4400,2450,0,0,0,0),(866,61,78,2016,2,0,0,0,0,0,0,500,4400,2450,0,0,0,0),(867,61,78,2016,3,0,0,0,0,0,0,500,4400,2450,0,0,0,0),(868,61,78,2016,4,0,0,0,0,0,0,500,4400,2450,0,0,0,0),(869,61,78,2016,5,0,0,0,0,0,0,500,4400,2450,0,0,0,0),(870,61,78,2016,6,0,0,0,0,0,0,500,4400,2450,0,0,0,0),(871,61,78,2016,7,0,0,0,0,0,0,500,4400,2450,0,0,0,0),(872,61,78,2016,8,0,0,0,0,0,0,500,4400,2450,0,0,0,0),(873,61,78,2016,9,0,0,0,0,0,0,500,4400,2450,0,0,0,0),(874,61,78,2016,10,0,0,0,0,0,0,500,4400,2450,0,0,0,0),(875,61,78,2016,11,0,0,0,0,0,0,500,4400,2450,0,0,0,0),(876,61,78,2016,12,0,0,0,0,0,0,500,4400,2450,0,0,0,0),(877,62,78,2016,1,0,0,0,0,0,0,640,6800,3720,0,0,0,0),(878,62,78,2016,2,0,0,0,0,0,0,640,6800,3720,0,0,0,0),(879,62,78,2016,3,0,0,0,0,0,0,640,6800,3720,0,0,0,0),(880,62,78,2016,4,0,0,0,0,0,0,640,6800,3720,0,0,0,0),(881,62,78,2016,5,0,0,0,0,0,0,640,6800,3720,0,0,0,0),(882,62,78,2016,6,0,0,0,0,0,0,640,6800,3720,0,0,0,0),(883,62,78,2016,7,0,0,0,0,0,0,640,6800,3720,0,0,0,0),(884,62,78,2016,8,0,0,0,0,0,0,640,6800,3720,0,0,0,0),(885,62,78,2016,9,0,0,0,0,0,0,640,6800,3720,0,0,0,0),(886,62,78,2016,10,0,0,0,0,0,0,640,6800,3720,0,0,0,0),(887,62,78,2016,11,0,0,0,0,0,0,640,6800,3720,0,0,0,0),(888,62,78,2016,12,0,0,0,0,0,0,640,6800,3720,0,0,0,0),(889,63,78,2016,1,0,0,0,0,0,0,909,3600,2254.5,0,0,0,0),(890,63,78,2016,2,0,0,0,0,0,0,909,3600,2254.5,0,0,0,0),(891,63,78,2016,3,0,0,0,0,0,0,909,3600,2254.5,0,0,0,0),(892,63,78,2016,4,0,0,0,0,0,0,909,3600,2254.5,0,0,0,0),(893,63,78,2016,5,0,0,0,0,0,0,909,3600,2254.5,0,0,0,0),(894,63,78,2016,6,0,0,0,0,0,0,909,3600,2254.5,0,0,0,0),(895,63,78,2016,7,0,0,0,0,0,0,909,3600,2254.5,0,0,0,0),(896,63,78,2016,8,0,0,0,0,0,0,909,3600,2254.5,0,0,0,0),(897,63,78,2016,9,0,0,0,0,0,0,909,3600,2254.5,0,0,0,0),(898,63,78,2016,10,0,0,0,0,0,0,909,3600,2254.5,0,0,0,0),(899,63,78,2016,11,0,0,0,0,0,0,909,3600,2254.5,0,0,0,0),(900,63,78,2016,12,0,0,0,0,0,0,909,3600,2254.5,0,0,0,0),(901,64,78,2016,1,0,0,0,0,0,0,1141,5500,3320.5,0,0,0,0),(902,64,78,2016,2,0,0,0,0,0,0,1141,5500,3320.5,0,0,0,0),(903,64,78,2016,3,0,0,0,0,0,0,1141,5500,3320.5,0,0,0,0),(904,64,78,2016,4,0,0,0,0,0,0,1141,5500,3320.5,0,0,0,0),(905,64,78,2016,5,0,0,0,0,0,0,1141,5500,3320.5,0,0,0,0),(906,64,78,2016,6,0,0,0,0,0,0,1141,5500,3320.5,0,0,0,0),(907,64,78,2016,7,0,0,0,0,0,0,1141,5500,3320.5,0,0,0,0),(908,64,78,2016,8,0,0,0,0,0,0,1141,5500,3320.5,0,0,0,0),(909,64,78,2016,9,0,0,0,0,0,0,1141,5500,3320.5,0,0,0,0),(910,64,78,2016,10,0,0,0,0,0,0,1141,5500,3320.5,0,0,0,0),(911,64,78,2016,11,0,0,0,0,0,0,1141,5500,3320.5,0,0,0,0),(912,64,78,2016,12,0,0,0,0,0,0,1141,5500,3320.5,0,0,0,0),(913,65,78,2016,1,0,0,0,0,0,0,694,2500,1597,0,0,0,0),(914,65,78,2016,2,0,0,0,0,0,0,694,2500,1597,0,0,0,0),(915,65,78,2016,3,0,0,0,0,0,0,694,2500,1597,0,0,0,0),(916,65,78,2016,4,0,0,0,0,0,0,694,2500,1597,0,0,0,0),(917,65,78,2016,5,0,0,0,0,0,0,694,2500,1597,0,0,0,0),(918,65,78,2016,6,0,0,0,0,0,0,694,2500,1597,0,0,0,0),(919,65,78,2016,7,0,0,0,0,0,0,694,2500,1597,0,0,0,0),(920,65,78,2016,8,0,0,0,0,0,0,694,2500,1597,0,0,0,0),(921,65,78,2016,9,0,0,0,0,0,0,694,2500,1597,0,0,0,0),(922,65,78,2016,10,0,0,0,0,0,0,694,2500,1597,0,0,0,0),(923,65,78,2016,11,0,0,0,0,0,0,694,2500,1597,0,0,0,0),(924,65,78,2016,12,0,0,0,0,0,0,694,2500,1597,0,0,0,0),(925,66,78,2016,1,0,0,0,0,0,0,3025,3415,3220,0,0,0,0),(926,66,78,2016,2,0,0,0,0,0,0,3025,3415,3220,0,0,0,0),(927,66,78,2016,3,0,0,0,0,0,0,3025,3415,3220,0,0,0,0),(928,66,78,2016,4,0,0,0,0,0,0,3025,3415,3220,0,0,0,0),(929,66,78,2016,5,0,0,0,0,0,0,3025,3415,3220,0,0,0,0),(930,66,78,2016,6,0,0,0,0,0,0,3025,3415,3220,0,0,0,0),(931,66,78,2016,7,0,0,0,0,0,0,3025,3415,3220,0,0,0,0),(932,66,78,2016,8,0,0,0,0,0,0,3025,3415,3220,0,0,0,0),(933,66,78,2016,9,0,0,0,0,0,0,3025,3415,3220,0,0,0,0),(934,66,78,2016,10,0,0,0,0,0,0,3025,3415,3220,0,0,0,0),(935,66,78,2016,11,0,0,0,0,0,0,3025,3415,3220,0,0,0,0),(936,66,78,2016,12,0,0,0,0,0,0,3025,3415,3220,0,0,0,0),(937,67,78,2016,1,0,0,0,0,0,0,600,5769,3184.5,0,0,0,0),(938,67,78,2016,2,0,0,0,0,0,0,600,5769,3184.5,0,0,0,0),(939,67,78,2016,3,0,0,0,0,0,0,600,5769,3184.5,0,0,0,0),(940,67,78,2016,4,0,0,0,0,0,0,600,5769,3184.5,0,0,0,0),(941,67,78,2016,5,0,0,0,0,0,0,600,5769,3184.5,0,0,0,0),(942,67,78,2016,6,0,0,0,0,0,0,600,5769,3184.5,0,0,0,0),(943,67,78,2016,7,0,0,0,0,0,0,600,5769,3184.5,0,0,0,0),(944,67,78,2016,8,0,0,0,0,0,0,600,5769,3184.5,0,0,0,0),(945,67,78,2016,9,0,0,0,0,0,0,600,5769,3184.5,0,0,0,0),(946,67,78,2016,10,0,0,0,0,0,0,600,5769,3184.5,0,0,0,0),(947,67,78,2016,11,0,0,0,0,0,0,600,5769,3184.5,0,0,0,0),(948,67,78,2016,12,0,0,0,0,0,0,600,5769,3184.5,0,0,0,0),(949,68,78,2016,1,0,0,0,0,0,0,720,6111,3415.5,0,0,0,0),(950,68,78,2016,2,0,0,0,0,0,0,720,6111,3415.5,0,0,0,0),(951,68,78,2016,3,0,0,0,0,0,0,720,6111,3415.5,0,0,0,0),(952,68,78,2016,4,0,0,0,0,0,0,720,6111,3415.5,0,0,0,0),(953,68,78,2016,5,0,0,0,0,0,0,720,6111,3415.5,0,0,0,0),(954,68,78,2016,6,0,0,0,0,0,0,720,6111,3415.5,0,0,0,0),(955,68,78,2016,7,0,0,0,0,0,0,720,6111,3415.5,0,0,0,0),(956,68,78,2016,8,0,0,0,0,0,0,720,6111,3415.5,0,0,0,0),(957,68,78,2016,9,0,0,0,0,0,0,720,6111,3415.5,0,0,0,0),(958,68,78,2016,10,0,0,0,0,0,0,720,6111,3415.5,0,0,0,0),(959,68,78,2016,11,0,0,0,0,0,0,720,6111,3415.5,0,0,0,0),(960,68,78,2016,12,0,0,0,0,0,0,720,6111,3415.5,0,0,0,0),(961,69,78,2016,1,0,0,0,0,0,0,1370,4500,2935,0,0,0,0),(962,69,78,2016,2,0,0,0,0,0,0,1370,4500,2935,0,0,0,0),(963,69,78,2016,3,0,0,0,0,0,0,1370,4500,2935,0,0,0,0),(964,69,78,2016,4,0,0,0,0,0,0,1370,4500,2935,0,0,0,0),(965,69,78,2016,5,0,0,0,0,0,0,1370,4500,2935,0,0,0,0),(966,69,78,2016,6,0,0,0,0,0,0,1370,4500,2935,0,0,0,0),(967,69,78,2016,7,0,0,0,0,0,0,1370,4500,2935,0,0,0,0),(968,69,78,2016,8,0,0,0,0,0,0,1370,4500,2935,0,0,0,0),(969,69,78,2016,9,0,0,0,0,0,0,1370,4500,2935,0,0,0,0),(970,69,78,2016,10,0,0,0,0,0,0,1370,4500,2935,0,0,0,0),(971,69,78,2016,11,0,0,0,0,0,0,1370,4500,2935,0,0,0,0),(972,69,78,2016,12,0,0,0,0,0,0,1370,4500,2935,0,0,0,0),(973,70,78,2016,1,0,0,0,0,0,0,1015,5500,3257.5,0,0,0,0),(974,70,78,2016,2,0,0,0,0,0,0,1015,5500,3257.5,0,0,0,0),(975,70,78,2016,3,0,0,0,0,0,0,1015,5500,3257.5,0,0,0,0),(976,70,78,2016,4,0,0,0,0,0,0,1015,5500,3257.5,0,0,0,0),(977,70,78,2016,5,0,0,0,0,0,0,1015,5500,3257.5,0,0,0,0),(978,70,78,2016,6,0,0,0,0,0,0,1015,5500,3257.5,0,0,0,0),(979,70,78,2016,7,0,0,0,0,0,0,1015,5500,3257.5,0,0,0,0),(980,70,78,2016,8,0,0,0,0,0,0,1015,5500,3257.5,0,0,0,0),(981,70,78,2016,9,0,0,0,0,0,0,1015,5500,3257.5,0,0,0,0),(982,70,78,2016,10,0,0,0,0,0,0,1015,5500,3257.5,0,0,0,0),(983,70,78,2016,11,0,0,0,0,0,0,1015,5500,3257.5,0,0,0,0),(984,70,78,2016,12,0,0,0,0,0,0,1015,5500,3257.5,0,0,0,0),(985,71,78,2016,1,0,0,0,0,0,0,5529,8480,7004.5,0,0,0,0),(986,71,78,2016,2,0,0,0,0,0,0,5529,8480,7004.5,0,0,0,0),(987,71,78,2016,3,0,0,0,0,0,0,5529,8480,7004.5,0,0,0,0),(988,71,78,2016,4,0,0,0,0,0,0,5529,8480,7004.5,0,0,0,0),(989,71,78,2016,5,0,0,0,0,0,0,5529,8480,7004.5,0,0,0,0),(990,71,78,2016,6,0,0,0,0,0,0,5529,8480,7004.5,0,0,0,0),(991,71,78,2016,7,0,0,0,0,0,0,5529,8480,7004.5,0,0,0,0),(992,71,78,2016,8,0,0,0,0,0,0,5529,8480,7004.5,0,0,0,0),(993,71,78,2016,9,0,0,0,0,0,0,5529,8480,7004.5,0,0,0,0),(994,71,78,2016,10,0,0,0,0,0,0,5529,8480,7004.5,0,0,0,0),(995,71,78,2016,11,0,0,0,0,0,0,5529,8480,7004.5,0,0,0,0),(996,71,78,2016,12,0,0,0,0,0,0,5529,8480,7004.5,0,0,0,0),(997,72,78,2016,1,0,0,0,0,0,0,1000,7400,4200,0,0,0,0),(998,72,78,2016,2,0,0,0,0,0,0,1000,7400,4200,0,0,0,0),(999,72,78,2016,3,0,0,0,0,0,0,1000,7400,4200,0,0,0,0),(1000,72,78,2016,4,0,0,0,0,0,0,1000,7400,4200,0,0,0,0),(1001,72,78,2016,5,0,0,0,0,0,0,1000,7400,4200,0,0,0,0),(1002,72,78,2016,6,0,0,0,0,0,0,1000,7400,4200,0,0,0,0),(1003,72,78,2016,7,0,0,0,0,0,0,1000,7400,4200,0,0,0,0),(1004,72,78,2016,8,0,0,0,0,0,0,1000,7400,4200,0,0,0,0),(1005,72,78,2016,9,0,0,0,0,0,0,1000,7400,4200,0,0,0,0),(1006,72,78,2016,10,0,0,0,0,0,0,1000,7400,4200,0,0,0,0),(1007,72,78,2016,11,0,0,0,0,0,0,1000,7400,4200,0,0,0,0),(1008,72,78,2016,12,0,0,0,0,0,0,1000,7400,4200,0,0,0,0),(1009,73,78,2016,1,0,0,0,0,0,0,0,0,0,0,0,0,0),(1010,73,78,2016,2,0,0,0,0,0,0,0,0,0,0,0,0,0),(1011,73,78,2016,3,0,0,0,0,0,0,0,0,0,0,0,0,0),(1012,73,78,2016,4,0,0,0,0,0,0,0,0,0,0,0,0,0),(1013,73,78,2016,5,0,0,0,0,0,0,0,0,0,0,0,0,0),(1014,73,78,2016,6,0,0,0,0,0,0,0,0,0,0,0,0,0),(1015,73,78,2016,7,0,0,0,0,0,0,0,0,0,0,0,0,0),(1016,73,78,2016,8,0,0,0,0,0,0,0,0,0,0,0,0,0),(1017,73,78,2016,9,0,0,0,0,0,0,0,0,0,0,0,0,0),(1018,73,78,2016,10,0,0,0,0,0,0,0,0,0,0,0,0,0),(1019,73,78,2016,11,0,0,0,0,0,0,0,0,0,0,0,0,0),(1020,73,78,2016,12,0,0,0,0,0,0,0,0,0,0,0,0,0),(1021,75,78,2016,1,0,0,0,0,0,0,450,15000,7725,0,0,0,0),(1022,75,78,2016,2,0,0,0,0,0,0,450,15000,7725,0,0,0,0),(1023,75,78,2016,3,0,0,0,0,0,0,450,15000,7725,0,0,0,0),(1024,75,78,2016,4,0,0,0,0,0,0,450,15000,7725,0,0,0,0),(1025,75,78,2016,5,0,0,0,0,0,0,450,15000,7725,0,0,0,0),(1026,75,78,2016,6,0,0,0,0,0,0,450,15000,7725,0,0,0,0),(1027,75,78,2016,7,0,0,0,0,0,0,450,15000,7725,0,0,0,0),(1028,75,78,2016,8,0,0,0,0,0,0,450,15000,7725,0,0,0,0),(1029,75,78,2016,9,0,0,0,0,0,0,450,15000,7725,0,0,0,0),(1030,75,78,2016,10,0,0,0,0,0,0,450,15000,7725,0,0,0,0),(1031,75,78,2016,11,0,0,0,0,0,0,450,15000,7725,0,0,0,0),(1032,75,78,2016,12,0,0,0,0,0,0,450,15000,7725,0,0,0,0),(1033,77,78,2016,1,0,0,0,0,0,0,3125,3500,3312.5,0,0,0,0),(1034,77,78,2016,2,0,0,0,0,0,0,3125,3500,3312.5,0,0,0,0),(1035,77,78,2016,3,0,0,0,0,0,0,3125,3500,3312.5,0,0,0,0),(1036,77,78,2016,4,0,0,0,0,0,0,3125,3500,3312.5,0,0,0,0),(1037,77,78,2016,5,0,0,0,0,0,0,3125,3500,3312.5,0,0,0,0),(1038,77,78,2016,6,0,0,0,0,0,0,3125,3500,3312.5,0,0,0,0),(1039,77,78,2016,7,0,0,0,0,0,0,3125,3500,3312.5,0,0,0,0),(1040,77,78,2016,8,0,0,0,0,0,0,3125,3500,3312.5,0,0,0,0),(1041,77,78,2016,9,0,0,0,0,0,0,3125,3500,3312.5,0,0,0,0),(1042,77,78,2016,10,0,0,0,0,0,0,3125,3500,3312.5,0,0,0,0),(1043,77,78,2016,11,0,0,0,0,0,0,3125,3500,3312.5,0,0,0,0),(1044,77,78,2016,12,0,0,0,0,0,0,3125,3500,3312.5,0,0,0,0),(1045,76,78,2016,1,0,0,0,0,0,0,3556,6085,4820.5,0,0,0,0),(1046,76,78,2016,2,0,0,0,0,0,0,3556,6085,4820.5,0,0,0,0),(1047,76,78,2016,3,0,0,0,0,0,0,3556,6085,4820.5,0,0,0,0),(1048,76,78,2016,4,0,0,0,0,0,0,3556,6085,4820.5,0,0,0,0),(1049,76,78,2016,5,0,0,0,0,0,0,3556,6085,4820.5,0,0,0,0),(1050,76,78,2016,6,0,0,0,0,0,0,3556,6085,4820.5,0,0,0,0),(1051,76,78,2016,7,0,0,0,0,0,0,3556,6085,4820.5,0,0,0,0),(1052,76,78,2016,8,0,0,0,0,0,0,3556,6085,4820.5,0,0,0,0),(1053,76,78,2016,9,0,0,0,0,0,0,3556,6085,4820.5,0,0,0,0),(1054,76,78,2016,10,0,0,0,0,0,0,3556,6085,4820.5,0,0,0,0),(1055,76,78,2016,11,0,0,0,0,0,0,3556,6085,4820.5,0,0,0,0),(1056,76,78,2016,12,0,0,0,0,0,0,3556,6085,4820.5,0,0,0,0),(1057,78,78,2016,1,0,0,0,0,0,0,1895,0,947.5,0,0,0,0),(1058,78,78,2016,2,0,0,0,0,0,0,1895,0,947.5,0,0,0,0),(1059,78,78,2016,3,0,0,0,0,0,0,1895,0,947.5,0,0,0,0),(1060,78,78,2016,4,0,0,0,0,0,0,1895,0,947.5,0,0,0,0),(1061,78,78,2016,5,0,0,0,0,0,0,1895,0,947.5,0,0,0,0),(1062,78,78,2016,6,0,0,0,0,0,0,1895,0,947.5,0,0,0,0),(1063,78,78,2016,7,0,0,0,0,0,0,1895,0,947.5,0,0,0,0),(1064,78,78,2016,8,0,0,0,0,0,0,1895,0,947.5,0,0,0,0),(1065,78,78,2016,9,0,0,0,0,0,0,1895,0,947.5,0,0,0,0),(1066,78,78,2016,10,0,0,0,0,0,0,1895,0,947.5,0,0,0,0),(1067,78,78,2016,11,0,0,0,0,0,0,1895,0,947.5,0,0,0,0),(1068,78,78,2016,12,0,0,0,0,0,0,1895,0,947.5,0,0,0,0),(1069,79,78,2016,1,0,0,0,0,0,0,3300,6438,4869,0,0,0,0),(1070,79,78,2016,2,0,0,0,0,0,0,3300,6438,4869,0,0,0,0),(1071,79,78,2016,3,0,0,0,0,0,0,3300,6438,4869,0,0,0,0),(1072,79,78,2016,4,0,0,0,0,0,0,3300,6438,4869,0,0,0,0),(1073,79,78,2016,5,0,0,0,0,0,0,3300,6438,4869,0,0,0,0),(1074,79,78,2016,6,0,0,0,0,0,0,3300,6438,4869,0,0,0,0),(1075,79,78,2016,7,0,0,0,0,0,0,3300,6438,4869,0,0,0,0),(1076,79,78,2016,8,0,0,0,0,0,0,3300,6438,4869,0,0,0,0),(1077,79,78,2016,9,0,0,0,0,0,0,3300,6438,4869,0,0,0,0),(1078,79,78,2016,10,0,0,0,0,0,0,3300,6438,4869,0,0,0,0),(1079,79,78,2016,11,0,0,0,0,0,0,3300,6438,4869,0,0,0,0),(1080,79,78,2016,12,0,0,0,0,0,0,3300,6438,4869,0,0,0,0),(1081,80,78,2016,1,0,0,0,0,0,0,3150,3333,3241.5,0,0,0,0),(1082,80,78,2016,2,0,0,0,0,0,0,3150,3333,3241.5,0,0,0,0),(1083,80,78,2016,3,0,0,0,0,0,0,3150,3333,3241.5,0,0,0,0),(1084,80,78,2016,4,0,0,0,0,0,0,3150,3333,3241.5,0,0,0,0),(1085,80,78,2016,5,0,0,0,0,0,0,3150,3333,3241.5,0,0,0,0),(1086,80,78,2016,6,0,0,0,0,0,0,3150,3333,3241.5,0,0,0,0),(1087,80,78,2016,7,0,0,0,0,0,0,3150,3333,3241.5,0,0,0,0),(1088,80,78,2016,8,0,0,0,0,0,0,3150,3333,3241.5,0,0,0,0),(1089,80,78,2016,9,0,0,0,0,0,0,3150,3333,3241.5,0,0,0,0),(1090,80,78,2016,10,0,0,0,0,0,0,3150,3333,3241.5,0,0,0,0),(1091,80,78,2016,11,0,0,0,0,0,0,3150,3333,3241.5,0,0,0,0),(1092,80,78,2016,12,0,0,0,0,0,0,3150,3333,3241.5,0,0,0,0),(1093,81,78,2016,1,0,0,0,0,0,0,694,5500,3097,0,0,0,0),(1094,81,78,2016,2,0,0,0,0,0,0,694,5500,3097,0,0,0,0),(1095,81,78,2016,3,0,0,0,0,0,0,694,5500,3097,0,0,0,0),(1096,81,78,2016,4,0,0,0,0,0,0,694,5500,3097,0,0,0,0),(1097,81,78,2016,5,0,0,0,0,0,0,694,5500,3097,0,0,0,0),(1098,81,78,2016,6,0,0,0,0,0,0,694,5500,3097,0,0,0,0),(1099,81,78,2016,7,0,0,0,0,0,0,694,5500,3097,0,0,0,0),(1100,81,78,2016,8,0,0,0,0,0,0,694,5500,3097,0,0,0,0),(1101,81,78,2016,9,0,0,0,0,0,0,694,5500,3097,0,0,0,0),(1102,81,78,2016,10,0,0,0,0,0,0,694,5500,3097,0,0,0,0),(1103,81,78,2016,11,0,0,0,0,0,0,694,5500,3097,0,0,0,0),(1104,81,78,2016,12,0,0,0,0,0,0,694,5500,3097,0,0,0,0),(1105,82,78,2016,1,0,0,0,0,0,0,2191,3294,2742.5,0,0,0,0),(1106,82,78,2016,2,0,0,0,0,0,0,2191,3294,2742.5,0,0,0,0),(1107,82,78,2016,3,0,0,0,0,0,0,2191,3294,2742.5,0,0,0,0),(1108,82,78,2016,4,0,0,0,0,0,0,2191,3294,2742.5,0,0,0,0),(1109,82,78,2016,5,0,0,0,0,0,0,2191,3294,2742.5,0,0,0,0),(1110,82,78,2016,6,0,0,0,0,0,0,2191,3294,2742.5,0,0,0,0),(1111,82,78,2016,7,0,0,0,0,0,0,2191,3294,2742.5,0,0,0,0),(1112,82,78,2016,8,0,0,0,0,0,0,2191,3294,2742.5,0,0,0,0),(1113,82,78,2016,9,0,0,0,0,0,0,2191,3294,2742.5,0,0,0,0),(1114,82,78,2016,10,0,0,0,0,0,0,2191,3294,2742.5,0,0,0,0),(1115,82,78,2016,11,0,0,0,0,0,0,2191,3294,2742.5,0,0,0,0),(1116,82,78,2016,12,0,0,0,0,0,0,2191,3294,2742.5,0,0,0,0),(1117,85,78,2016,1,0,0,0,0,0,0,2900,0,1450,0,0,0,0),(1118,85,78,2016,2,0,0,0,0,0,0,2900,0,1450,0,0,0,0),(1119,85,78,2016,3,0,0,0,0,0,0,2900,0,1450,0,0,0,0),(1120,85,78,2016,4,0,0,0,0,0,0,2900,0,1450,0,0,0,0),(1121,85,78,2016,5,0,0,0,0,0,0,2900,0,1450,0,0,0,0),(1122,85,78,2016,6,0,0,0,0,0,0,2900,0,1450,0,0,0,0),(1123,85,78,2016,7,0,0,0,0,0,0,2900,0,1450,0,0,0,0),(1124,85,78,2016,8,0,0,0,0,0,0,2900,0,1450,0,0,0,0),(1125,85,78,2016,9,0,0,0,0,0,0,2900,0,1450,0,0,0,0),(1126,85,78,2016,10,0,0,0,0,0,0,2900,0,1450,0,0,0,0),(1127,85,78,2016,11,0,0,0,0,0,0,2900,0,1450,0,0,0,0),(1128,85,78,2016,12,0,0,0,0,0,0,2900,0,1450,0,0,0,0),(1129,83,78,2016,1,0,0,0,0,0,0,3658,6820,5239,0,0,0,0),(1130,83,78,2016,2,0,0,0,0,0,0,3658,6820,5239,0,0,0,0),(1131,83,78,2016,3,0,0,0,0,0,0,3658,6820,5239,0,0,0,0),(1132,83,78,2016,4,0,0,0,0,0,0,3658,6820,5239,0,0,0,0),(1133,83,78,2016,5,0,0,0,0,0,0,3658,6820,5239,0,0,0,0),(1134,83,78,2016,6,0,0,0,0,0,0,3658,6820,5239,0,0,0,0),(1135,83,78,2016,7,0,0,0,0,0,0,3658,6820,5239,0,0,0,0),(1136,83,78,2016,8,0,0,0,0,0,0,3658,6820,5239,0,0,0,0),(1137,83,78,2016,9,0,0,0,0,0,0,3658,6820,5239,0,0,0,0),(1138,83,78,2016,10,0,0,0,0,0,0,3658,6820,5239,0,0,0,0),(1139,83,78,2016,11,0,0,0,0,0,0,3658,6820,5239,0,0,0,0),(1140,83,78,2016,12,0,0,0,0,0,0,3658,6820,5239,0,0,0,0),(1141,84,78,2016,1,0,0,0,0,0,0,850,2941,1895.5,0,0,0,0),(1142,84,78,2016,2,0,0,0,0,0,0,850,2941,1895.5,0,0,0,0),(1143,84,78,2016,3,0,0,0,0,0,0,850,2941,1895.5,0,0,0,0),(1144,84,78,2016,4,0,0,0,0,0,0,850,2941,1895.5,0,0,0,0),(1145,84,78,2016,5,0,0,0,0,0,0,850,2941,1895.5,0,0,0,0),(1146,84,78,2016,6,0,0,0,0,0,0,850,2941,1895.5,0,0,0,0),(1147,84,78,2016,7,0,0,0,0,0,0,850,2941,1895.5,0,0,0,0),(1148,84,78,2016,8,0,0,0,0,0,0,850,2941,1895.5,0,0,0,0),(1149,84,78,2016,9,0,0,0,0,0,0,850,2941,1895.5,0,0,0,0),(1150,84,78,2016,10,0,0,0,0,0,0,850,2941,1895.5,0,0,0,0),(1151,84,78,2016,11,0,0,0,0,0,0,850,2941,1895.5,0,0,0,0),(1152,84,78,2016,12,0,0,0,0,0,0,850,2941,1895.5,0,0,0,0),(1153,86,78,2016,1,0,0,0,0,0,0,2544,5405,3974.5,0,0,0,0),(1154,86,78,2016,2,0,0,0,0,0,0,2544,5405,3974.5,0,0,0,0),(1155,86,78,2016,3,0,0,0,0,0,0,2544,5405,3974.5,0,0,0,0),(1156,86,78,2016,4,0,0,0,0,0,0,2544,5405,3974.5,0,0,0,0),(1157,86,78,2016,5,0,0,0,0,0,0,2544,5405,3974.5,0,0,0,0),(1158,86,78,2016,6,0,0,0,0,0,0,2544,5405,3974.5,0,0,0,0),(1159,86,78,2016,7,0,0,0,0,0,0,2544,5405,3974.5,0,0,0,0),(1160,86,78,2016,8,0,0,0,0,0,0,2544,5405,3974.5,0,0,0,0),(1161,86,78,2016,9,0,0,0,0,0,0,2544,5405,3974.5,0,0,0,0),(1162,86,78,2016,10,0,0,0,0,0,0,2544,5405,3974.5,0,0,0,0),(1163,86,78,2016,11,0,0,0,0,0,0,2544,5405,3974.5,0,0,0,0),(1164,86,78,2016,12,0,0,0,0,0,0,2544,5405,3974.5,0,0,0,0),(1165,87,78,2016,1,0,0,0,0,0,0,600,6167,3383.5,0,0,0,0),(1166,87,78,2016,2,0,0,0,0,0,0,600,6167,3383.5,0,0,0,0),(1167,87,78,2016,3,0,0,0,0,0,0,600,6167,3383.5,0,0,0,0),(1168,87,78,2016,4,0,0,0,0,0,0,600,6167,3383.5,0,0,0,0),(1169,87,78,2016,5,0,0,0,0,0,0,600,6167,3383.5,0,0,0,0),(1170,87,78,2016,6,0,0,0,0,0,0,600,6167,3383.5,0,0,0,0),(1171,87,78,2016,7,0,0,0,0,0,0,600,6167,3383.5,0,0,0,0),(1172,87,78,2016,8,0,0,0,0,0,0,600,6167,3383.5,0,0,0,0),(1173,87,78,2016,9,0,0,0,0,0,0,600,6167,3383.5,0,0,0,0),(1174,87,78,2016,10,0,0,0,0,0,0,600,6167,3383.5,0,0,0,0),(1175,87,78,2016,11,0,0,0,0,0,0,600,6167,3383.5,0,0,0,0),(1176,87,78,2016,12,0,0,0,0,0,0,600,6167,3383.5,0,0,0,0),(1177,88,78,2016,1,0,0,0,0,0,0,0,0,0,0,0,0,0),(1178,88,78,2016,2,0,0,0,0,0,0,0,0,0,0,0,0,0),(1179,88,78,2016,3,0,0,0,0,0,0,0,0,0,0,0,0,0),(1180,88,78,2016,4,0,0,0,0,0,0,0,0,0,0,0,0,0),(1181,88,78,2016,5,0,0,0,0,0,0,0,0,0,0,0,0,0),(1182,88,78,2016,6,0,0,0,0,0,0,0,0,0,0,0,0,0),(1183,88,78,2016,7,0,0,0,0,0,0,0,0,0,0,0,0,0),(1184,88,78,2016,8,0,0,0,0,0,0,0,0,0,0,0,0,0),(1185,88,78,2016,9,0,0,0,0,0,0,0,0,0,0,0,0,0),(1186,88,78,2016,10,0,0,0,0,0,0,0,0,0,0,0,0,0),(1187,88,78,2016,11,0,0,0,0,0,0,0,0,0,0,0,0,0),(1188,88,78,2016,12,0,0,0,0,0,0,0,0,0,0,0,0,0),(1189,89,78,2016,1,0,0,0,0,0,0,2857,2900,2878.5,0,0,0,0),(1190,89,78,2016,2,0,0,0,0,0,0,2857,2900,2878.5,0,0,0,0),(1191,89,78,2016,3,0,0,0,0,0,0,2857,2900,2878.5,0,0,0,0),(1192,89,78,2016,4,0,0,0,0,0,0,2857,2900,2878.5,0,0,0,0),(1193,89,78,2016,5,0,0,0,0,0,0,2857,2900,2878.5,0,0,0,0),(1194,89,78,2016,6,0,0,0,0,0,0,2857,2900,2878.5,0,0,0,0),(1195,89,78,2016,7,0,0,0,0,0,0,2857,2900,2878.5,0,0,0,0),(1196,89,78,2016,8,0,0,0,0,0,0,2857,2900,2878.5,0,0,0,0),(1197,89,78,2016,9,0,0,0,0,0,0,2857,2900,2878.5,0,0,0,0),(1198,89,78,2016,10,0,0,0,0,0,0,2857,2900,2878.5,0,0,0,0),(1199,89,78,2016,11,0,0,0,0,0,0,2857,2900,2878.5,0,0,0,0),(1200,89,78,2016,12,0,0,0,0,0,0,2857,2900,2878.5,0,0,0,0),(1201,92,78,2016,1,0,0,0,0,0,0,680,5200,2940,0,0,0,0),(1202,92,78,2016,2,0,0,0,0,0,0,680,5200,2940,0,0,0,0),(1203,92,78,2016,3,0,0,0,0,0,0,680,5200,2940,0,0,0,0),(1204,92,78,2016,4,0,0,0,0,0,0,680,5200,2940,0,0,0,0),(1205,92,78,2016,5,0,0,0,0,0,0,680,5200,2940,0,0,0,0),(1206,92,78,2016,6,0,0,0,0,0,0,680,5200,2940,0,0,0,0),(1207,92,78,2016,7,0,0,0,0,0,0,680,5200,2940,0,0,0,0),(1208,92,78,2016,8,0,0,0,0,0,0,680,5200,2940,0,0,0,0),(1209,92,78,2016,9,0,0,0,0,0,0,680,5200,2940,0,0,0,0),(1210,92,78,2016,10,0,0,0,0,0,0,680,5200,2940,0,0,0,0),(1211,92,78,2016,11,0,0,0,0,0,0,680,5200,2940,0,0,0,0),(1212,92,78,2016,12,0,0,0,0,0,0,680,5200,2940,0,0,0,0),(1213,90,78,2016,1,0,0,0,0,0,0,3571,5390,4480.5,0,0,0,0),(1214,90,78,2016,2,0,0,0,0,0,0,3571,5390,4480.5,0,0,0,0),(1215,90,78,2016,3,0,0,0,0,0,0,3571,5390,4480.5,0,0,0,0),(1216,90,78,2016,4,0,0,0,0,0,0,3571,5390,4480.5,0,0,0,0),(1217,90,78,2016,5,0,0,0,0,0,0,3571,5390,4480.5,0,0,0,0),(1218,90,78,2016,6,0,0,0,0,0,0,3571,5390,4480.5,0,0,0,0),(1219,90,78,2016,7,0,0,0,0,0,0,3571,5390,4480.5,0,0,0,0),(1220,90,78,2016,8,0,0,0,0,0,0,3571,5390,4480.5,0,0,0,0),(1221,90,78,2016,9,0,0,0,0,0,0,3571,5390,4480.5,0,0,0,0),(1222,90,78,2016,10,0,0,0,0,0,0,3571,5390,4480.5,0,0,0,0),(1223,90,78,2016,11,0,0,0,0,0,0,3571,5390,4480.5,0,0,0,0),(1224,90,78,2016,12,0,0,0,0,0,0,3571,5390,4480.5,0,0,0,0),(1225,91,78,2016,1,0,0,0,0,0,0,965,3700,2332.5,0,0,0,0),(1226,91,78,2016,2,0,0,0,0,0,0,965,3700,2332.5,0,0,0,0),(1227,91,78,2016,3,0,0,0,0,0,0,965,3700,2332.5,0,0,0,0),(1228,91,78,2016,4,0,0,0,0,0,0,965,3700,2332.5,0,0,0,0),(1229,91,78,2016,5,0,0,0,0,0,0,965,3700,2332.5,0,0,0,0),(1230,91,78,2016,6,0,0,0,0,0,0,965,3700,2332.5,0,0,0,0),(1231,91,78,2016,7,0,0,0,0,0,0,965,3700,2332.5,0,0,0,0),(1232,91,78,2016,8,0,0,0,0,0,0,965,3700,2332.5,0,0,0,0),(1233,91,78,2016,9,0,0,0,0,0,0,965,3700,2332.5,0,0,0,0),(1234,91,78,2016,10,0,0,0,0,0,0,965,3700,2332.5,0,0,0,0),(1235,91,78,2016,11,0,0,0,0,0,0,965,3700,2332.5,0,0,0,0),(1236,91,78,2016,12,0,0,0,0,0,0,965,3700,2332.5,0,0,0,0),(1237,93,78,2016,1,0,0,0,0,0,0,1200,13000,7100,0,0,0,0),(1238,93,78,2016,2,0,0,0,0,0,0,1200,13000,7100,0,0,0,0),(1239,93,78,2016,3,0,0,0,0,0,0,1200,13000,7100,0,0,0,0),(1240,93,78,2016,4,0,0,0,0,0,0,1200,13000,7100,0,0,0,0),(1241,93,78,2016,5,0,0,0,0,0,0,1200,13000,7100,0,0,0,0),(1242,93,78,2016,6,0,0,0,0,0,0,1200,13000,7100,0,0,0,0),(1243,93,78,2016,7,0,0,0,0,0,0,1200,13000,7100,0,0,0,0),(1244,93,78,2016,8,0,0,0,0,0,0,1200,13000,7100,0,0,0,0),(1245,93,78,2016,9,0,0,0,0,0,0,1200,13000,7100,0,0,0,0),(1246,93,78,2016,10,0,0,0,0,0,0,1200,13000,7100,0,0,0,0),(1247,93,78,2016,11,0,0,0,0,0,0,1200,13000,7100,0,0,0,0),(1248,93,78,2016,12,0,0,0,0,0,0,1200,13000,7100,0,0,0,0),(1249,94,78,2016,1,0,0,0,0,0,0,1565,3578,2571.5,0,0,0,0),(1250,94,78,2016,2,0,0,0,0,0,0,1565,3578,2571.5,0,0,0,0),(1251,94,78,2016,3,0,0,0,0,0,0,1565,3578,2571.5,0,0,0,0),(1252,94,78,2016,4,0,0,0,0,0,0,1565,3578,2571.5,0,0,0,0),(1253,94,78,2016,5,0,0,0,0,0,0,1565,3578,2571.5,0,0,0,0),(1254,94,78,2016,6,0,0,0,0,0,0,1565,3578,2571.5,0,0,0,0),(1255,94,78,2016,7,0,0,0,0,0,0,1565,3578,2571.5,0,0,0,0),(1256,94,78,2016,8,0,0,0,0,0,0,1565,3578,2571.5,0,0,0,0),(1257,94,78,2016,9,0,0,0,0,0,0,1565,3578,2571.5,0,0,0,0),(1258,94,78,2016,10,0,0,0,0,0,0,1565,3578,2571.5,0,0,0,0),(1259,94,78,2016,11,0,0,0,0,0,0,1565,3578,2571.5,0,0,0,0),(1260,94,78,2016,12,0,0,0,0,0,0,1565,3578,2571.5,0,0,0,0),(1261,95,78,2016,1,0,0,0,0,0,0,550,11334,5942,0,0,0,0),(1262,95,78,2016,2,0,0,0,0,0,0,550,11334,5942,0,0,0,0),(1263,95,78,2016,3,0,0,0,0,0,0,550,11334,5942,0,0,0,0),(1264,95,78,2016,4,0,0,0,0,0,0,550,11334,5942,0,0,0,0),(1265,95,78,2016,5,0,0,0,0,0,0,550,11334,5942,0,0,0,0),(1266,95,78,2016,6,0,0,0,0,0,0,550,11334,5942,0,0,0,0),(1267,95,78,2016,7,0,0,0,0,0,0,550,11334,5942,0,0,0,0),(1268,95,78,2016,8,0,0,0,0,0,0,550,11334,5942,0,0,0,0),(1269,95,78,2016,9,0,0,0,0,0,0,550,11334,5942,0,0,0,0),(1270,95,78,2016,10,0,0,0,0,0,0,550,11334,5942,0,0,0,0),(1271,95,78,2016,11,0,0,0,0,0,0,550,11334,5942,0,0,0,0),(1272,95,78,2016,12,0,0,0,0,0,0,550,11334,5942,0,0,0,0),(1273,96,78,2016,1,0,0,0,0,0,0,500,12000,6250,0,0,0,0),(1274,96,78,2016,2,0,0,0,0,0,0,500,12000,6250,0,0,0,0),(1275,96,78,2016,3,0,0,0,0,0,0,500,12000,6250,0,0,0,0),(1276,96,78,2016,4,0,0,0,0,0,0,500,12000,6250,0,0,0,0),(1277,96,78,2016,5,0,0,0,0,0,0,500,12000,6250,0,0,0,0),(1278,96,78,2016,6,0,0,0,0,0,0,500,12000,6250,0,0,0,0),(1279,96,78,2016,7,0,0,0,0,0,0,500,12000,6250,0,0,0,0),(1280,96,78,2016,8,0,0,0,0,0,0,500,12000,6250,0,0,0,0),(1281,96,78,2016,9,0,0,0,0,0,0,500,12000,6250,0,0,0,0),(1282,96,78,2016,10,0,0,0,0,0,0,500,12000,6250,0,0,0,0),(1283,96,78,2016,11,0,0,0,0,0,0,500,12000,6250,0,0,0,0),(1284,96,78,2016,12,0,0,0,0,0,0,500,12000,6250,0,0,0,0),(1285,97,78,2016,1,0,0,0,0,0,0,430,6047,3238.5,0,0,0,0),(1286,97,78,2016,2,0,0,0,0,0,0,430,6047,3238.5,0,0,0,0),(1287,97,78,2016,3,0,0,0,0,0,0,430,6047,3238.5,0,0,0,0),(1288,97,78,2016,4,0,0,0,0,0,0,430,6047,3238.5,0,0,0,0),(1289,97,78,2016,5,0,0,0,0,0,0,430,6047,3238.5,0,0,0,0),(1290,97,78,2016,6,0,0,0,0,0,0,430,6047,3238.5,0,0,0,0),(1291,97,78,2016,7,0,0,0,0,0,0,430,6047,3238.5,0,0,0,0),(1292,97,78,2016,8,0,0,0,0,0,0,430,6047,3238.5,0,0,0,0),(1293,97,78,2016,9,0,0,0,0,0,0,430,6047,3238.5,0,0,0,0),(1294,97,78,2016,10,0,0,0,0,0,0,430,6047,3238.5,0,0,0,0),(1295,97,78,2016,11,0,0,0,0,0,0,430,6047,3238.5,0,0,0,0),(1296,97,78,2016,12,0,0,0,0,0,0,430,6047,3238.5,0,0,0,0),(1297,98,78,2016,1,0,0,0,0,0,0,1085,6011,3548,0,0,0,0),(1298,98,78,2016,2,0,0,0,0,0,0,1085,6011,3548,0,0,0,0),(1299,98,78,2016,3,0,0,0,0,0,0,1085,6011,3548,0,0,0,0),(1300,98,78,2016,4,0,0,0,0,0,0,1085,6011,3548,0,0,0,0),(1301,98,78,2016,5,0,0,0,0,0,0,1085,6011,3548,0,0,0,0),(1302,98,78,2016,6,0,0,0,0,0,0,1085,6011,3548,0,0,0,0),(1303,98,78,2016,7,0,0,0,0,0,0,1085,6011,3548,0,0,0,0),(1304,98,78,2016,8,0,0,0,0,0,0,1085,6011,3548,0,0,0,0),(1305,98,78,2016,9,0,0,0,0,0,0,1085,6011,3548,0,0,0,0),(1306,98,78,2016,10,0,0,0,0,0,0,1085,6011,3548,0,0,0,0),(1307,98,78,2016,11,0,0,0,0,0,0,1085,6011,3548,0,0,0,0),(1308,98,78,2016,12,0,0,0,0,0,0,1085,6011,3548,0,0,0,0),(1309,99,78,2016,1,0,0,0,0,0,0,934,4664,2799,0,0,0,0),(1310,99,78,2016,2,0,0,0,0,0,0,934,4664,2799,0,0,0,0),(1311,99,78,2016,3,0,0,0,0,0,0,934,4664,2799,0,0,0,0),(1312,99,78,2016,4,0,0,0,0,0,0,934,4664,2799,0,0,0,0),(1313,99,78,2016,5,0,0,0,0,0,0,934,4664,2799,0,0,0,0),(1314,99,78,2016,6,0,0,0,0,0,0,934,4664,2799,0,0,0,0),(1315,99,78,2016,7,0,0,0,0,0,0,934,4664,2799,0,0,0,0),(1316,99,78,2016,8,0,0,0,0,0,0,934,4664,2799,0,0,0,0),(1317,99,78,2016,9,0,0,0,0,0,0,934,4664,2799,0,0,0,0),(1318,99,78,2016,10,0,0,0,0,0,0,934,4664,2799,0,0,0,0),(1319,99,78,2016,11,0,0,0,0,0,0,934,4664,2799,0,0,0,0),(1320,99,78,2016,12,0,0,0,0,0,0,934,4664,2799,0,0,0,0),(1321,100,78,2016,1,0,0,0,0,0,0,450,16000,8225,0,0,0,0),(1322,100,78,2016,2,0,0,0,0,0,0,450,16000,8225,0,0,0,0),(1323,100,78,2016,3,0,0,0,0,0,0,450,16000,8225,0,0,0,0),(1324,100,78,2016,4,0,0,0,0,0,0,450,16000,8225,0,0,0,0),(1325,100,78,2016,5,0,0,0,0,0,0,450,16000,8225,0,0,0,0),(1326,100,78,2016,6,0,0,0,0,0,0,450,16000,8225,0,0,0,0),(1327,100,78,2016,7,0,0,0,0,0,0,450,16000,8225,0,0,0,0),(1328,100,78,2016,8,0,0,0,0,0,0,450,16000,8225,0,0,0,0),(1329,100,78,2016,9,0,0,0,0,0,0,450,16000,8225,0,0,0,0),(1330,100,78,2016,10,0,0,0,0,0,0,450,16000,8225,0,0,0,0),(1331,100,78,2016,11,0,0,0,0,0,0,450,16000,8225,0,0,0,0),(1332,100,78,2016,12,0,0,0,0,0,0,450,16000,8225,0,0,0,0),(1333,102,78,2016,1,0,0,0,0,0,0,850,2627,1738.5,0,0,0,0),(1334,102,78,2016,2,0,0,0,0,0,0,850,2627,1738.5,0,0,0,0),(1335,102,78,2016,3,0,0,0,0,0,0,850,2627,1738.5,0,0,0,0),(1336,102,78,2016,4,0,0,0,0,0,0,850,2627,1738.5,0,0,0,0),(1337,102,78,2016,5,0,0,0,0,0,0,850,2627,1738.5,0,0,0,0),(1338,102,78,2016,6,0,0,0,0,0,0,850,2627,1738.5,0,0,0,0),(1339,102,78,2016,7,0,0,0,0,0,0,850,2627,1738.5,0,0,0,0),(1340,102,78,2016,8,0,0,0,0,0,0,850,2627,1738.5,0,0,0,0),(1341,102,78,2016,9,0,0,0,0,0,0,850,2627,1738.5,0,0,0,0),(1342,102,78,2016,10,0,0,0,0,0,0,850,2627,1738.5,0,0,0,0),(1343,102,78,2016,11,0,0,0,0,0,0,850,2627,1738.5,0,0,0,0),(1344,102,78,2016,12,0,0,0,0,0,0,850,2627,1738.5,0,0,0,0),(1345,101,78,2016,1,0,0,0,0,0,0,2110,2667,2388.5,0,0,0,0),(1346,101,78,2016,2,0,0,0,0,0,0,2110,2667,2388.5,0,0,0,0),(1347,101,78,2016,3,0,0,0,0,0,0,2110,2667,2388.5,0,0,0,0),(1348,101,78,2016,4,0,0,0,0,0,0,2110,2667,2388.5,0,0,0,0),(1349,101,78,2016,5,0,0,0,0,0,0,2110,2667,2388.5,0,0,0,0),(1350,101,78,2016,6,0,0,0,0,0,0,2110,2667,2388.5,0,0,0,0),(1351,101,78,2016,7,0,0,0,0,0,0,2110,2667,2388.5,0,0,0,0),(1352,101,78,2016,8,0,0,0,0,0,0,2110,2667,2388.5,0,0,0,0),(1353,101,78,2016,9,0,0,0,0,0,0,2110,2667,2388.5,0,0,0,0),(1354,101,78,2016,10,0,0,0,0,0,0,2110,2667,2388.5,0,0,0,0),(1355,101,78,2016,11,0,0,0,0,0,0,2110,2667,2388.5,0,0,0,0),(1356,101,78,2016,12,0,0,0,0,0,0,2110,2667,2388.5,0,0,0,0),(1357,103,78,2016,1,0,0,0,0,0,0,694,5500,3097,0,0,0,0),(1358,103,78,2016,2,0,0,0,0,0,0,694,5500,3097,0,0,0,0),(1359,103,78,2016,3,0,0,0,0,0,0,694,5500,3097,0,0,0,0),(1360,103,78,2016,4,0,0,0,0,0,0,694,5500,3097,0,0,0,0),(1361,103,78,2016,5,0,0,0,0,0,0,694,5500,3097,0,0,0,0),(1362,103,78,2016,6,0,0,0,0,0,0,694,5500,3097,0,0,0,0),(1363,103,78,2016,7,0,0,0,0,0,0,694,5500,3097,0,0,0,0),(1364,103,78,2016,8,0,0,0,0,0,0,694,5500,3097,0,0,0,0),(1365,103,78,2016,9,0,0,0,0,0,0,694,5500,3097,0,0,0,0),(1366,103,78,2016,10,0,0,0,0,0,0,694,5500,3097,0,0,0,0),(1367,103,78,2016,11,0,0,0,0,0,0,694,5500,3097,0,0,0,0),(1368,103,78,2016,12,0,0,0,0,0,0,694,5500,3097,0,0,0,0),(1369,104,78,2016,1,0,0,0,0,0,0,5192,6071,5631.5,0,0,0,0),(1370,104,78,2016,2,0,0,0,0,0,0,5192,6071,5631.5,0,0,0,0),(1371,104,78,2016,3,0,0,0,0,0,0,5192,6071,5631.5,0,0,0,0),(1372,104,78,2016,4,0,0,0,0,0,0,5192,6071,5631.5,0,0,0,0),(1373,104,78,2016,5,0,0,0,0,0,0,5192,6071,5631.5,0,0,0,0),(1374,104,78,2016,6,0,0,0,0,0,0,5192,6071,5631.5,0,0,0,0),(1375,104,78,2016,7,0,0,0,0,0,0,5192,6071,5631.5,0,0,0,0),(1376,104,78,2016,8,0,0,0,0,0,0,5192,6071,5631.5,0,0,0,0),(1377,104,78,2016,9,0,0,0,0,0,0,5192,6071,5631.5,0,0,0,0),(1378,104,78,2016,10,0,0,0,0,0,0,5192,6071,5631.5,0,0,0,0),(1379,104,78,2016,11,0,0,0,0,0,0,5192,6071,5631.5,0,0,0,0),(1380,104,78,2016,12,0,0,0,0,0,0,5192,6071,5631.5,0,0,0,0),(1381,105,78,2016,1,0,0,0,0,0,0,550,4546,2548,0,0,0,0),(1382,105,78,2016,2,0,0,0,0,0,0,550,4546,2548,0,0,0,0),(1383,105,78,2016,3,0,0,0,0,0,0,550,4546,2548,0,0,0,0),(1384,105,78,2016,4,0,0,0,0,0,0,550,4546,2548,0,0,0,0),(1385,105,78,2016,5,0,0,0,0,0,0,550,4546,2548,0,0,0,0),(1386,105,78,2016,6,0,0,0,0,0,0,550,4546,2548,0,0,0,0),(1387,105,78,2016,7,0,0,0,0,0,0,550,4546,2548,0,0,0,0),(1388,105,78,2016,8,0,0,0,0,0,0,550,4546,2548,0,0,0,0),(1389,105,78,2016,9,0,0,0,0,0,0,550,4546,2548,0,0,0,0),(1390,105,78,2016,10,0,0,0,0,0,0,550,4546,2548,0,0,0,0),(1391,105,78,2016,11,0,0,0,0,0,0,550,4546,2548,0,0,0,0),(1392,105,78,2016,12,0,0,0,0,0,0,550,4546,2548,0,0,0,0),(1393,106,78,2016,1,0,0,0,0,0,0,700,4571,2635.5,0,0,0,0),(1394,106,78,2016,2,0,0,0,0,0,0,700,4571,2635.5,0,0,0,0),(1395,106,78,2016,3,0,0,0,0,0,0,700,4571,2635.5,0,0,0,0),(1396,106,78,2016,4,0,0,0,0,0,0,700,4571,2635.5,0,0,0,0),(1397,106,78,2016,5,0,0,0,0,0,0,700,4571,2635.5,0,0,0,0),(1398,106,78,2016,6,0,0,0,0,0,0,700,4571,2635.5,0,0,0,0),(1399,106,78,2016,7,0,0,0,0,0,0,700,4571,2635.5,0,0,0,0),(1400,106,78,2016,8,0,0,0,0,0,0,700,4571,2635.5,0,0,0,0),(1401,106,78,2016,9,0,0,0,0,0,0,700,4571,2635.5,0,0,0,0),(1402,106,78,2016,10,0,0,0,0,0,0,700,4571,2635.5,0,0,0,0),(1403,106,78,2016,11,0,0,0,0,0,0,700,4571,2635.5,0,0,0,0),(1404,106,78,2016,12,0,0,0,0,0,0,700,4571,2635.5,0,0,0,0),(1405,107,78,2016,1,0,0,0,0,0,0,1480,11364,6422,0,0,0,0),(1406,107,78,2016,2,0,0,0,0,0,0,1480,11364,6422,0,0,0,0),(1407,107,78,2016,3,0,0,0,0,0,0,1480,11364,6422,0,0,0,0),(1408,107,78,2016,4,0,0,0,0,0,0,1480,11364,6422,0,0,0,0),(1409,107,78,2016,5,0,0,0,0,0,0,1480,11364,6422,0,0,0,0),(1410,107,78,2016,6,0,0,0,0,0,0,1480,11364,6422,0,0,0,0),(1411,107,78,2016,7,0,0,0,0,0,0,1480,11364,6422,0,0,0,0),(1412,107,78,2016,8,0,0,0,0,0,0,1480,11364,6422,0,0,0,0),(1413,107,78,2016,9,0,0,0,0,0,0,1480,11364,6422,0,0,0,0),(1414,107,78,2016,10,0,0,0,0,0,0,1480,11364,6422,0,0,0,0),(1415,107,78,2016,11,0,0,0,0,0,0,1480,11364,6422,0,0,0,0),(1416,107,78,2016,12,0,0,0,0,0,0,1480,11364,6422,0,0,0,0),(1417,108,78,2016,1,0,0,0,0,0,0,800,8750,4775,0,0,0,0),(1418,108,78,2016,2,0,0,0,0,0,0,800,8750,4775,0,0,0,0),(1419,108,78,2016,3,0,0,0,0,0,0,800,8750,4775,0,0,0,0),(1420,108,78,2016,4,0,0,0,0,0,0,800,8750,4775,0,0,0,0),(1421,108,78,2016,5,0,0,0,0,0,0,800,8750,4775,0,0,0,0),(1422,108,78,2016,6,0,0,0,0,0,0,800,8750,4775,0,0,0,0),(1423,108,78,2016,7,0,0,0,0,0,0,800,8750,4775,0,0,0,0),(1424,108,78,2016,8,0,0,0,0,0,0,800,8750,4775,0,0,0,0),(1425,108,78,2016,9,0,0,0,0,0,0,800,8750,4775,0,0,0,0),(1426,108,78,2016,10,0,0,0,0,0,0,800,8750,4775,0,0,0,0),(1427,108,78,2016,11,0,0,0,0,0,0,800,8750,4775,0,0,0,0),(1428,108,78,2016,12,0,0,0,0,0,0,800,8750,4775,0,0,0,0),(1429,109,78,2016,1,0,0,0,0,0,0,1000,13889,7444.5,0,0,0,0),(1430,109,78,2016,2,0,0,0,0,0,0,1000,13889,7444.5,0,0,0,0),(1431,109,78,2016,3,0,0,0,0,0,0,1000,13889,7444.5,0,0,0,0),(1432,109,78,2016,4,0,0,0,0,0,0,1000,13889,7444.5,0,0,0,0),(1433,109,78,2016,5,0,0,0,0,0,0,1000,13889,7444.5,0,0,0,0),(1434,109,78,2016,6,0,0,0,0,0,0,1000,13889,7444.5,0,0,0,0),(1435,109,78,2016,7,0,0,0,0,0,0,1000,13889,7444.5,0,0,0,0),(1436,109,78,2016,8,0,0,0,0,0,0,1000,13889,7444.5,0,0,0,0),(1437,109,78,2016,9,0,0,0,0,0,0,1000,13889,7444.5,0,0,0,0),(1438,109,78,2016,10,0,0,0,0,0,0,1000,13889,7444.5,0,0,0,0),(1439,109,78,2016,11,0,0,0,0,0,0,1000,13889,7444.5,0,0,0,0),(1440,109,78,2016,12,0,0,0,0,0,0,1000,13889,7444.5,0,0,0,0),(1441,110,78,2016,1,0,0,0,0,0,0,465,6000,3232.5,0,0,0,0),(1442,110,78,2016,2,0,0,0,0,0,0,465,6000,3232.5,0,0,0,0),(1443,110,78,2016,3,0,0,0,0,0,0,465,6000,3232.5,0,0,0,0),(1444,110,78,2016,4,0,0,0,0,0,0,465,6000,3232.5,0,0,0,0),(1445,110,78,2016,5,0,0,0,0,0,0,465,6000,3232.5,0,0,0,0),(1446,110,78,2016,6,0,0,0,0,0,0,465,6000,3232.5,0,0,0,0),(1447,110,78,2016,7,0,0,0,0,0,0,465,6000,3232.5,0,0,0,0),(1448,110,78,2016,8,0,0,0,0,0,0,465,6000,3232.5,0,0,0,0),(1449,110,78,2016,9,0,0,0,0,0,0,465,6000,3232.5,0,0,0,0),(1450,110,78,2016,10,0,0,0,0,0,0,465,6000,3232.5,0,0,0,0),(1451,110,78,2016,11,0,0,0,0,0,0,465,6000,3232.5,0,0,0,0),(1452,110,78,2016,12,0,0,0,0,0,0,465,6000,3232.5,0,0,0,0),(1453,111,78,2016,1,0,0,0,0,0,0,1750,5556,3653,0,0,0,0),(1454,111,78,2016,2,0,0,0,0,0,0,1750,5556,3653,0,0,0,0),(1455,111,78,2016,3,0,0,0,0,0,0,1750,5556,3653,0,0,0,0),(1456,111,78,2016,4,0,0,0,0,0,0,1750,5556,3653,0,0,0,0),(1457,111,78,2016,5,0,0,0,0,0,0,1750,5556,3653,0,0,0,0),(1458,111,78,2016,6,0,0,0,0,0,0,1750,5556,3653,0,0,0,0),(1459,111,78,2016,7,0,0,0,0,0,0,1750,5556,3653,0,0,0,0),(1460,111,78,2016,8,0,0,0,0,0,0,1750,5556,3653,0,0,0,0),(1461,111,78,2016,9,0,0,0,0,0,0,1750,5556,3653,0,0,0,0),(1462,111,78,2016,10,0,0,0,0,0,0,1750,5556,3653,0,0,0,0),(1463,111,78,2016,11,0,0,0,0,0,0,1750,5556,3653,0,0,0,0),(1464,111,78,2016,12,0,0,0,0,0,0,1750,5556,3653,0,0,0,0),(1465,112,78,2016,1,0,0,0,0,0,0,1080,5426,3253,0,0,0,0),(1466,112,78,2016,2,0,0,0,0,0,0,1080,5426,3253,0,0,0,0),(1467,112,78,2016,3,0,0,0,0,0,0,1080,5426,3253,0,0,0,0),(1468,112,78,2016,4,0,0,0,0,0,0,1080,5426,3253,0,0,0,0),(1469,112,78,2016,5,0,0,0,0,0,0,1080,5426,3253,0,0,0,0),(1470,112,78,2016,6,0,0,0,0,0,0,1080,5426,3253,0,0,0,0),(1471,112,78,2016,7,0,0,0,0,0,0,1080,5426,3253,0,0,0,0),(1472,112,78,2016,8,0,0,0,0,0,0,1080,5426,3253,0,0,0,0),(1473,112,78,2016,9,0,0,0,0,0,0,1080,5426,3253,0,0,0,0),(1474,112,78,2016,10,0,0,0,0,0,0,1080,5426,3253,0,0,0,0),(1475,112,78,2016,11,0,0,0,0,0,0,1080,5426,3253,0,0,0,0),(1476,112,78,2016,12,0,0,0,0,0,0,1080,5426,3253,0,0,0,0),(1477,114,78,2016,1,0,0,0,0,0,0,1400,8995,5197.5,0,0,0,0),(1478,114,78,2016,2,0,0,0,0,0,0,1400,8995,5197.5,0,0,0,0),(1479,114,78,2016,3,0,0,0,0,0,0,1400,8995,5197.5,0,0,0,0),(1480,114,78,2016,4,0,0,0,0,0,0,1400,8995,5197.5,0,0,0,0),(1481,114,78,2016,5,0,0,0,0,0,0,1400,8995,5197.5,0,0,0,0),(1482,114,78,2016,6,0,0,0,0,0,0,1400,8995,5197.5,0,0,0,0),(1483,114,78,2016,7,0,0,0,0,0,0,1400,8995,5197.5,0,0,0,0),(1484,114,78,2016,8,0,0,0,0,0,0,1400,8995,5197.5,0,0,0,0),(1485,114,78,2016,9,0,0,0,0,0,0,1400,8995,5197.5,0,0,0,0),(1486,114,78,2016,10,0,0,0,0,0,0,1400,8995,5197.5,0,0,0,0),(1487,114,78,2016,11,0,0,0,0,0,0,1400,8995,5197.5,0,0,0,0),(1488,114,78,2016,12,0,0,0,0,0,0,1400,8995,5197.5,0,0,0,0),(1489,118,78,2016,1,0,0,0,0,0,0,750,13889,7319.5,0,0,0,0),(1490,118,78,2016,2,0,0,0,0,0,0,750,13889,7319.5,0,0,0,0),(1491,118,78,2016,3,0,0,0,0,0,0,750,13889,7319.5,0,0,0,0),(1492,118,78,2016,4,0,0,0,0,0,0,750,13889,7319.5,0,0,0,0),(1493,118,78,2016,5,0,0,0,0,0,0,750,13889,7319.5,0,0,0,0),(1494,118,78,2016,6,0,0,0,0,0,0,750,13889,7319.5,0,0,0,0),(1495,118,78,2016,7,0,0,0,0,0,0,750,13889,7319.5,0,0,0,0),(1496,118,78,2016,8,0,0,0,0,0,0,750,13889,7319.5,0,0,0,0),(1497,118,78,2016,9,0,0,0,0,0,0,750,13889,7319.5,0,0,0,0),(1498,118,78,2016,10,0,0,0,0,0,0,750,13889,7319.5,0,0,0,0),(1499,118,78,2016,11,0,0,0,0,0,0,750,13889,7319.5,0,0,0,0),(1500,118,78,2016,12,0,0,0,0,0,0,750,13889,7319.5,0,0,0,0),(1501,115,78,2016,1,0,0,0,0,0,0,470,3830,2150,0,0,0,0),(1502,115,78,2016,2,0,0,0,0,0,0,470,3830,2150,0,0,0,0),(1503,115,78,2016,3,0,0,0,0,0,0,470,3830,2150,0,0,0,0),(1504,115,78,2016,4,0,0,0,0,0,0,470,3830,2150,0,0,0,0),(1505,115,78,2016,5,0,0,0,0,0,0,470,3830,2150,0,0,0,0),(1506,115,78,2016,6,0,0,0,0,0,0,470,3830,2150,0,0,0,0),(1507,115,78,2016,7,0,0,0,0,0,0,470,3830,2150,0,0,0,0),(1508,115,78,2016,8,0,0,0,0,0,0,470,3830,2150,0,0,0,0),(1509,115,78,2016,9,0,0,0,0,0,0,470,3830,2150,0,0,0,0),(1510,115,78,2016,10,0,0,0,0,0,0,470,3830,2150,0,0,0,0),(1511,115,78,2016,11,0,0,0,0,0,0,470,3830,2150,0,0,0,0),(1512,115,78,2016,12,0,0,0,0,0,0,470,3830,2150,0,0,0,0),(1513,116,78,2016,1,0,0,0,0,0,0,1800,3500,2650,0,0,0,0),(1514,116,78,2016,2,0,0,0,0,0,0,1800,3500,2650,0,0,0,0),(1515,116,78,2016,3,0,0,0,0,0,0,1800,3500,2650,0,0,0,0),(1516,116,78,2016,4,0,0,0,0,0,0,1800,3500,2650,0,0,0,0),(1517,116,78,2016,5,0,0,0,0,0,0,1800,3500,2650,0,0,0,0),(1518,116,78,2016,6,0,0,0,0,0,0,1800,3500,2650,0,0,0,0),(1519,116,78,2016,7,0,0,0,0,0,0,1800,3500,2650,0,0,0,0),(1520,116,78,2016,8,0,0,0,0,0,0,1800,3500,2650,0,0,0,0),(1521,116,78,2016,9,0,0,0,0,0,0,1800,3500,2650,0,0,0,0),(1522,116,78,2016,10,0,0,0,0,0,0,1800,3500,2650,0,0,0,0),(1523,116,78,2016,11,0,0,0,0,0,0,1800,3500,2650,0,0,0,0),(1524,116,78,2016,12,0,0,0,0,0,0,1800,3500,2650,0,0,0,0),(1525,117,78,2016,1,0,0,0,0,0,0,365,6750,3557.5,0,0,0,0),(1526,117,78,2016,2,0,0,0,0,0,0,365,6750,3557.5,0,0,0,0),(1527,117,78,2016,3,0,0,0,0,0,0,365,6750,3557.5,0,0,0,0),(1528,117,78,2016,4,0,0,0,0,0,0,365,6750,3557.5,0,0,0,0),(1529,117,78,2016,5,0,0,0,0,0,0,365,6750,3557.5,0,0,0,0),(1530,117,78,2016,6,0,0,0,0,0,0,365,6750,3557.5,0,0,0,0),(1531,117,78,2016,7,0,0,0,0,0,0,365,6750,3557.5,0,0,0,0),(1532,117,78,2016,8,0,0,0,0,0,0,365,6750,3557.5,0,0,0,0),(1533,117,78,2016,9,0,0,0,0,0,0,365,6750,3557.5,0,0,0,0),(1534,117,78,2016,10,0,0,0,0,0,0,365,6750,3557.5,0,0,0,0),(1535,117,78,2016,11,0,0,0,0,0,0,365,6750,3557.5,0,0,0,0),(1536,117,78,2016,12,0,0,0,0,0,0,365,6750,3557.5,0,0,0,0),(1537,118,78,2016,1,0,0,0,0,0,0,7692,7834,7763,0,0,0,0),(1538,118,78,2016,2,0,0,0,0,0,0,7692,7834,7763,0,0,0,0),(1539,118,78,2016,3,0,0,0,0,0,0,7692,7834,7763,0,0,0,0),(1540,118,78,2016,4,0,0,0,0,0,0,7692,7834,7763,0,0,0,0),(1541,118,78,2016,5,0,0,0,0,0,0,7692,7834,7763,0,0,0,0),(1542,118,78,2016,6,0,0,0,0,0,0,7692,7834,7763,0,0,0,0),(1543,118,78,2016,7,0,0,0,0,0,0,7692,7834,7763,0,0,0,0),(1544,118,78,2016,8,0,0,0,0,0,0,7692,7834,7763,0,0,0,0),(1545,118,78,2016,9,0,0,0,0,0,0,7692,7834,7763,0,0,0,0),(1546,118,78,2016,10,0,0,0,0,0,0,7692,7834,7763,0,0,0,0),(1547,118,78,2016,11,0,0,0,0,0,0,7692,7834,7763,0,0,0,0),(1548,118,78,2016,12,0,0,0,0,0,0,7692,7834,7763,0,0,0,0),(1549,120,78,2016,1,0,0,0,0,0,0,1500,5667,3583.5,0,0,0,0),(1550,120,78,2016,2,0,0,0,0,0,0,1500,5667,3583.5,0,0,0,0),(1551,120,78,2016,3,0,0,0,0,0,0,1500,5667,3583.5,0,0,0,0),(1552,120,78,2016,4,0,0,0,0,0,0,1500,5667,3583.5,0,0,0,0),(1553,120,78,2016,5,0,0,0,0,0,0,1500,5667,3583.5,0,0,0,0),(1554,120,78,2016,6,0,0,0,0,0,0,1500,5667,3583.5,0,0,0,0),(1555,120,78,2016,7,0,0,0,0,0,0,1500,5667,3583.5,0,0,0,0),(1556,120,78,2016,8,0,0,0,0,0,0,1500,5667,3583.5,0,0,0,0),(1557,120,78,2016,9,0,0,0,0,0,0,1500,5667,3583.5,0,0,0,0),(1558,120,78,2016,10,0,0,0,0,0,0,1500,5667,3583.5,0,0,0,0),(1559,120,78,2016,11,0,0,0,0,0,0,1500,5667,3583.5,0,0,0,0),(1560,120,78,2016,12,0,0,0,0,0,0,1500,5667,3583.5,0,0,0,0),(1561,119,78,2016,1,0,0,0,0,0,0,4157,6275,5216,0,0,0,0),(1562,119,78,2016,2,0,0,0,0,0,0,4157,6275,5216,0,0,0,0),(1563,119,78,2016,3,0,0,0,0,0,0,4157,6275,5216,0,0,0,0),(1564,119,78,2016,4,0,0,0,0,0,0,4157,6275,5216,0,0,0,0),(1565,119,78,2016,5,0,0,0,0,0,0,4157,6275,5216,0,0,0,0),(1566,119,78,2016,6,0,0,0,0,0,0,4157,6275,5216,0,0,0,0),(1567,119,78,2016,7,0,0,0,0,0,0,4157,6275,5216,0,0,0,0),(1568,119,78,2016,8,0,0,0,0,0,0,4157,6275,5216,0,0,0,0),(1569,119,78,2016,9,0,0,0,0,0,0,4157,6275,5216,0,0,0,0),(1570,119,78,2016,10,0,0,0,0,0,0,4157,6275,5216,0,0,0,0),(1571,119,78,2016,11,0,0,0,0,0,0,4157,6275,5216,0,0,0,0),(1572,119,78,2016,12,0,0,0,0,0,0,4157,6275,5216,0,0,0,0),(1573,121,78,2016,1,0,0,0,0,0,0,933,1500,1216.5,0,0,0,0),(1574,121,78,2016,2,0,0,0,0,0,0,933,1500,1216.5,0,0,0,0),(1575,121,78,2016,3,0,0,0,0,0,0,933,1500,1216.5,0,0,0,0),(1576,121,78,2016,4,0,0,0,0,0,0,933,1500,1216.5,0,0,0,0),(1577,121,78,2016,5,0,0,0,0,0,0,933,1500,1216.5,0,0,0,0),(1578,121,78,2016,6,0,0,0,0,0,0,933,1500,1216.5,0,0,0,0),(1579,121,78,2016,7,0,0,0,0,0,0,933,1500,1216.5,0,0,0,0),(1580,121,78,2016,8,0,0,0,0,0,0,933,1500,1216.5,0,0,0,0),(1581,121,78,2016,9,0,0,0,0,0,0,933,1500,1216.5,0,0,0,0),(1582,121,78,2016,10,0,0,0,0,0,0,933,1500,1216.5,0,0,0,0),(1583,121,78,2016,11,0,0,0,0,0,0,933,1500,1216.5,0,0,0,0),(1584,121,78,2016,12,0,0,0,0,0,0,933,1500,1216.5,0,0,0,0),(1585,122,78,2016,1,0,0,0,0,0,0,7746,7796,7771,0,0,0,0),(1586,122,78,2016,2,0,0,0,0,0,0,7746,7796,7771,0,0,0,0),(1587,122,78,2016,3,0,0,0,0,0,0,7746,7796,7771,0,0,0,0),(1588,122,78,2016,4,0,0,0,0,0,0,7746,7796,7771,0,0,0,0),(1589,122,78,2016,5,0,0,0,0,0,0,7746,7796,7771,0,0,0,0),(1590,122,78,2016,6,0,0,0,0,0,0,7746,7796,7771,0,0,0,0),(1591,122,78,2016,7,0,0,0,0,0,0,7746,7796,7771,0,0,0,0),(1592,122,78,2016,8,0,0,0,0,0,0,7746,7796,7771,0,0,0,0),(1593,122,78,2016,9,0,0,0,0,0,0,7746,7796,7771,0,0,0,0),(1594,122,78,2016,10,0,0,0,0,0,0,7746,7796,7771,0,0,0,0),(1595,122,78,2016,11,0,0,0,0,0,0,7746,7796,7771,0,0,0,0),(1596,122,78,2016,12,0,0,0,0,0,0,7746,7796,7771,0,0,0,0),(1597,123,78,2016,1,0,0,0,0,0,0,1370,4500,2935,0,0,0,0),(1598,123,78,2016,2,0,0,0,0,0,0,1370,4500,2935,0,0,0,0),(1599,123,78,2016,3,0,0,0,0,0,0,1370,4500,2935,0,0,0,0),(1600,123,78,2016,4,0,0,0,0,0,0,1370,4500,2935,0,0,0,0),(1601,123,78,2016,5,0,0,0,0,0,0,1370,4500,2935,0,0,0,0),(1602,123,78,2016,6,0,0,0,0,0,0,1370,4500,2935,0,0,0,0),(1603,123,78,2016,7,0,0,0,0,0,0,1370,4500,2935,0,0,0,0),(1604,123,78,2016,8,0,0,0,0,0,0,1370,4500,2935,0,0,0,0),(1605,123,78,2016,9,0,0,0,0,0,0,1370,4500,2935,0,0,0,0),(1606,123,78,2016,10,0,0,0,0,0,0,1370,4500,2935,0,0,0,0),(1607,123,78,2016,11,0,0,0,0,0,0,1370,4500,2935,0,0,0,0),(1608,123,78,2016,12,0,0,0,0,0,0,1370,4500,2935,0,0,0,0),(1609,124,78,2016,1,0,0,0,0,0,0,720,10000,5360,0,0,0,0),(1610,124,78,2016,2,0,0,0,0,0,0,720,10000,5360,0,0,0,0),(1611,124,78,2016,3,0,0,0,0,0,0,720,10000,5360,0,0,0,0),(1612,124,78,2016,4,0,0,0,0,0,0,720,10000,5360,0,0,0,0),(1613,124,78,2016,5,0,0,0,0,0,0,720,10000,5360,0,0,0,0),(1614,124,78,2016,6,0,0,0,0,0,0,720,10000,5360,0,0,0,0),(1615,124,78,2016,7,0,0,0,0,0,0,720,10000,5360,0,0,0,0),(1616,124,78,2016,8,0,0,0,0,0,0,720,10000,5360,0,0,0,0),(1617,124,78,2016,9,0,0,0,0,0,0,720,10000,5360,0,0,0,0),(1618,124,78,2016,10,0,0,0,0,0,0,720,10000,5360,0,0,0,0),(1619,124,78,2016,11,0,0,0,0,0,0,720,10000,5360,0,0,0,0),(1620,124,78,2016,12,0,0,0,0,0,0,720,10000,5360,0,0,0,0),(1621,126,78,2016,1,0,0,0,0,0,0,3597,5310,4453.5,0,0,0,0),(1622,126,78,2016,2,0,0,0,0,0,0,3597,5310,4453.5,0,0,0,0),(1623,126,78,2016,3,0,0,0,0,0,0,3597,5310,4453.5,0,0,0,0),(1624,126,78,2016,4,0,0,0,0,0,0,3597,5310,4453.5,0,0,0,0),(1625,126,78,2016,5,0,0,0,0,0,0,3597,5310,4453.5,0,0,0,0),(1626,126,78,2016,6,0,0,0,0,0,0,3597,5310,4453.5,0,0,0,0),(1627,126,78,2016,7,0,0,0,0,0,0,3597,5310,4453.5,0,0,0,0),(1628,126,78,2016,8,0,0,0,0,0,0,3597,5310,4453.5,0,0,0,0),(1629,126,78,2016,9,0,0,0,0,0,0,3597,5310,4453.5,0,0,0,0),(1630,126,78,2016,10,0,0,0,0,0,0,3597,5310,4453.5,0,0,0,0),(1631,126,78,2016,11,0,0,0,0,0,0,3597,5310,4453.5,0,0,0,0),(1632,126,78,2016,12,0,0,0,0,0,0,3597,5310,4453.5,0,0,0,0),(1633,125,78,2016,1,0,0,0,0,0,0,950,9158,5054,0,0,0,0),(1634,125,78,2016,2,0,0,0,0,0,0,950,9158,5054,0,0,0,0),(1635,125,78,2016,3,0,0,0,0,0,0,950,9158,5054,0,0,0,0),(1636,125,78,2016,4,0,0,0,0,0,0,950,9158,5054,0,0,0,0),(1637,125,78,2016,5,0,0,0,0,0,0,950,9158,5054,0,0,0,0),(1638,125,78,2016,6,0,0,0,0,0,0,950,9158,5054,0,0,0,0),(1639,125,78,2016,7,0,0,0,0,0,0,950,9158,5054,0,0,0,0),(1640,125,78,2016,8,0,0,0,0,0,0,950,9158,5054,0,0,0,0),(1641,125,78,2016,9,0,0,0,0,0,0,950,9158,5054,0,0,0,0),(1642,125,78,2016,10,0,0,0,0,0,0,950,9158,5054,0,0,0,0),(1643,125,78,2016,11,0,0,0,0,0,0,950,9158,5054,0,0,0,0),(1644,125,78,2016,12,0,0,0,0,0,0,950,9158,5054,0,0,0,0),(1645,127,78,2016,1,0,0,0,0,0,0,750,9000,4875,0,0,0,0),(1646,127,78,2016,2,0,0,0,0,0,0,750,9000,4875,0,0,0,0),(1647,127,78,2016,3,0,0,0,0,0,0,750,9000,4875,0,0,0,0),(1648,127,78,2016,4,0,0,0,0,0,0,750,9000,4875,0,0,0,0),(1649,127,78,2016,5,0,0,0,0,0,0,750,9000,4875,0,0,0,0),(1650,127,78,2016,6,0,0,0,0,0,0,750,9000,4875,0,0,0,0),(1651,127,78,2016,7,0,0,0,0,0,0,750,9000,4875,0,0,0,0),(1652,127,78,2016,8,0,0,0,0,0,0,750,9000,4875,0,0,0,0),(1653,127,78,2016,9,0,0,0,0,0,0,750,9000,4875,0,0,0,0),(1654,127,78,2016,10,0,0,0,0,0,0,750,9000,4875,0,0,0,0),(1655,127,78,2016,11,0,0,0,0,0,0,750,9000,4875,0,0,0,0),(1656,127,78,2016,12,0,0,0,0,0,0,750,9000,4875,0,0,0,0),(1657,128,78,2016,1,0,0,0,0,0,0,530,8000,4265,0,0,0,0),(1658,128,78,2016,2,0,0,0,0,0,0,530,8000,4265,0,0,0,0),(1659,128,78,2016,3,0,0,0,0,0,0,530,8000,4265,0,0,0,0),(1660,128,78,2016,4,0,0,0,0,0,0,530,8000,4265,0,0,0,0),(1661,128,78,2016,5,0,0,0,0,0,0,530,8000,4265,0,0,0,0),(1662,128,78,2016,6,0,0,0,0,0,0,530,8000,4265,0,0,0,0),(1663,128,78,2016,7,0,0,0,0,0,0,530,8000,4265,0,0,0,0),(1664,128,78,2016,8,0,0,0,0,0,0,530,8000,4265,0,0,0,0),(1665,128,78,2016,9,0,0,0,0,0,0,530,8000,4265,0,0,0,0),(1666,128,78,2016,10,0,0,0,0,0,0,530,8000,4265,0,0,0,0),(1667,128,78,2016,11,0,0,0,0,0,0,530,8000,4265,0,0,0,0),(1668,128,78,2016,12,0,0,0,0,0,0,530,8000,4265,0,0,0,0),(1669,129,78,2016,1,0,0,0,0,0,0,1005,4000,2502.5,0,0,0,0),(1670,129,78,2016,2,0,0,0,0,0,0,1005,4000,2502.5,0,0,0,0),(1671,129,78,2016,3,0,0,0,0,0,0,1005,4000,2502.5,0,0,0,0),(1672,129,78,2016,4,0,0,0,0,0,0,1005,4000,2502.5,0,0,0,0),(1673,129,78,2016,5,0,0,0,0,0,0,1005,4000,2502.5,0,0,0,0),(1674,129,78,2016,6,0,0,0,0,0,0,1005,4000,2502.5,0,0,0,0),(1675,129,78,2016,7,0,0,0,0,0,0,1005,4000,2502.5,0,0,0,0),(1676,129,78,2016,8,0,0,0,0,0,0,1005,4000,2502.5,0,0,0,0),(1677,129,78,2016,9,0,0,0,0,0,0,1005,4000,2502.5,0,0,0,0),(1678,129,78,2016,10,0,0,0,0,0,0,1005,4000,2502.5,0,0,0,0),(1679,129,78,2016,11,0,0,0,0,0,0,1005,4000,2502.5,0,0,0,0),(1680,129,78,2016,12,0,0,0,0,0,0,1005,4000,2502.5,0,0,0,0),(1681,130,78,2016,1,0,0,0,0,0,0,500,8333,4416.5,0,0,0,0),(1682,130,78,2016,2,0,0,0,0,0,0,500,8333,4416.5,0,0,0,0),(1683,130,78,2016,3,0,0,0,0,0,0,500,8333,4416.5,0,0,0,0),(1684,130,78,2016,4,0,0,0,0,0,0,500,8333,4416.5,0,0,0,0),(1685,130,78,2016,5,0,0,0,0,0,0,500,8333,4416.5,0,0,0,0),(1686,130,78,2016,6,0,0,0,0,0,0,500,8333,4416.5,0,0,0,0),(1687,130,78,2016,7,0,0,0,0,0,0,500,8333,4416.5,0,0,0,0),(1688,130,78,2016,8,0,0,0,0,0,0,500,8333,4416.5,0,0,0,0),(1689,130,78,2016,9,0,0,0,0,0,0,500,8333,4416.5,0,0,0,0),(1690,130,78,2016,10,0,0,0,0,0,0,500,8333,4416.5,0,0,0,0),(1691,130,78,2016,11,0,0,0,0,0,0,500,8333,4416.5,0,0,0,0),(1692,130,78,2016,12,0,0,0,0,0,0,500,8333,4416.5,0,0,0,0),(1693,132,78,2016,1,0,0,0,0,0,0,1300,2158,1729,0,0,0,0),(1694,132,78,2016,2,0,0,0,0,0,0,1300,2158,1729,0,0,0,0),(1695,132,78,2016,3,0,0,0,0,0,0,1300,2158,1729,0,0,0,0),(1696,132,78,2016,4,0,0,0,0,0,0,1300,2158,1729,0,0,0,0),(1697,132,78,2016,5,0,0,0,0,0,0,1300,2158,1729,0,0,0,0),(1698,132,78,2016,6,0,0,0,0,0,0,1300,2158,1729,0,0,0,0),(1699,132,78,2016,7,0,0,0,0,0,0,1300,2158,1729,0,0,0,0),(1700,132,78,2016,8,0,0,0,0,0,0,1300,2158,1729,0,0,0,0),(1701,132,78,2016,9,0,0,0,0,0,0,1300,2158,1729,0,0,0,0),(1702,132,78,2016,10,0,0,0,0,0,0,1300,2158,1729,0,0,0,0),(1703,132,78,2016,11,0,0,0,0,0,0,1300,2158,1729,0,0,0,0),(1704,132,78,2016,12,0,0,0,0,0,0,1300,2158,1729,0,0,0,0),(1705,131,78,2016,1,0,0,0,0,0,0,1800,3611,2705.5,0,0,0,0),(1706,131,78,2016,2,0,0,0,0,0,0,1800,3611,2705.5,0,0,0,0),(1707,131,78,2016,3,0,0,0,0,0,0,1800,3611,2705.5,0,0,0,0),(1708,131,78,2016,4,0,0,0,0,0,0,1800,3611,2705.5,0,0,0,0),(1709,131,78,2016,5,0,0,0,0,0,0,1800,3611,2705.5,0,0,0,0),(1710,131,78,2016,6,0,0,0,0,0,0,1800,3611,2705.5,0,0,0,0),(1711,131,78,2016,7,0,0,0,0,0,0,1800,3611,2705.5,0,0,0,0),(1712,131,78,2016,8,0,0,0,0,0,0,1800,3611,2705.5,0,0,0,0),(1713,131,78,2016,9,0,0,0,0,0,0,1800,3611,2705.5,0,0,0,0),(1714,131,78,2016,10,0,0,0,0,0,0,1800,3611,2705.5,0,0,0,0),(1715,131,78,2016,11,0,0,0,0,0,0,1800,3611,2705.5,0,0,0,0),(1716,131,78,2016,12,0,0,0,0,0,0,1800,3611,2705.5,0,0,0,0),(1717,133,78,2016,1,0,0,0,0,0,0,650,3693,2171.5,0,0,0,0),(1718,133,78,2016,2,0,0,0,0,0,0,650,3693,2171.5,0,0,0,0),(1719,133,78,2016,3,0,0,0,0,0,0,650,3693,2171.5,0,0,0,0),(1720,133,78,2016,4,0,0,0,0,0,0,650,3693,2171.5,0,0,0,0),(1721,133,78,2016,5,0,0,0,0,0,0,650,3693,2171.5,0,0,0,0),(1722,133,78,2016,6,0,0,0,0,0,0,650,3693,2171.5,0,0,0,0),(1723,133,78,2016,7,0,0,0,0,0,0,650,3693,2171.5,0,0,0,0),(1724,133,78,2016,8,0,0,0,0,0,0,650,3693,2171.5,0,0,0,0),(1725,133,78,2016,9,0,0,0,0,0,0,650,3693,2171.5,0,0,0,0),(1726,133,78,2016,10,0,0,0,0,0,0,650,3693,2171.5,0,0,0,0),(1727,133,78,2016,11,0,0,0,0,0,0,650,3693,2171.5,0,0,0,0),(1728,133,78,2016,12,0,0,0,0,0,0,650,3693,2171.5,0,0,0,0),(1729,134,78,2016,1,0,0,0,0,0,0,1141,4500,2820.5,0,0,0,0),(1730,134,78,2016,2,0,0,0,0,0,0,1141,4500,2820.5,0,0,0,0),(1731,134,78,2016,3,0,0,0,0,0,0,1141,4500,2820.5,0,0,0,0),(1732,134,78,2016,4,0,0,0,0,0,0,1141,4500,2820.5,0,0,0,0),(1733,134,78,2016,5,0,0,0,0,0,0,1141,4500,2820.5,0,0,0,0),(1734,134,78,2016,6,0,0,0,0,0,0,1141,4500,2820.5,0,0,0,0),(1735,134,78,2016,7,0,0,0,0,0,0,1141,4500,2820.5,0,0,0,0),(1736,134,78,2016,8,0,0,0,0,0,0,1141,4500,2820.5,0,0,0,0),(1737,134,78,2016,9,0,0,0,0,0,0,1141,4500,2820.5,0,0,0,0),(1738,134,78,2016,10,0,0,0,0,0,0,1141,4500,2820.5,0,0,0,0),(1739,134,78,2016,11,0,0,0,0,0,0,1141,4500,2820.5,0,0,0,0),(1740,134,78,2016,12,0,0,0,0,0,0,1141,4500,2820.5,0,0,0,0),(1741,135,78,2016,1,0,0,0,0,0,0,1529,5737,3633,0,0,0,0),(1742,135,78,2016,2,0,0,0,0,0,0,1529,5737,3633,0,0,0,0),(1743,135,78,2016,3,0,0,0,0,0,0,1529,5737,3633,0,0,0,0),(1744,135,78,2016,4,0,0,0,0,0,0,1529,5737,3633,0,0,0,0),(1745,135,78,2016,5,0,0,0,0,0,0,1529,5737,3633,0,0,0,0),(1746,135,78,2016,6,0,0,0,0,0,0,1529,5737,3633,0,0,0,0),(1747,135,78,2016,7,0,0,0,0,0,0,1529,5737,3633,0,0,0,0),(1748,135,78,2016,8,0,0,0,0,0,0,1529,5737,3633,0,0,0,0),(1749,135,78,2016,9,0,0,0,0,0,0,1529,5737,3633,0,0,0,0),(1750,135,78,2016,10,0,0,0,0,0,0,1529,5737,3633,0,0,0,0),(1751,135,78,2016,11,0,0,0,0,0,0,1529,5737,3633,0,0,0,0),(1752,135,78,2016,12,0,0,0,0,0,0,1529,5737,3633,0,0,0,0),(1753,136,78,2016,1,0,0,0,0,0,0,1135,3348,2241.5,0,0,0,0),(1754,136,78,2016,2,0,0,0,0,0,0,1135,3348,2241.5,0,0,0,0),(1755,136,78,2016,3,0,0,0,0,0,0,1135,3348,2241.5,0,0,0,0),(1756,136,78,2016,4,0,0,0,0,0,0,1135,3348,2241.5,0,0,0,0),(1757,136,78,2016,5,0,0,0,0,0,0,1135,3348,2241.5,0,0,0,0),(1758,136,78,2016,6,0,0,0,0,0,0,1135,3348,2241.5,0,0,0,0),(1759,136,78,2016,7,0,0,0,0,0,0,1135,3348,2241.5,0,0,0,0),(1760,136,78,2016,8,0,0,0,0,0,0,1135,3348,2241.5,0,0,0,0),(1761,136,78,2016,9,0,0,0,0,0,0,1135,3348,2241.5,0,0,0,0),(1762,136,78,2016,10,0,0,0,0,0,0,1135,3348,2241.5,0,0,0,0),(1763,136,78,2016,11,0,0,0,0,0,0,1135,3348,2241.5,0,0,0,0),(1764,136,78,2016,12,0,0,0,0,0,0,1135,3348,2241.5,0,0,0,0),(1765,137,78,2016,1,0,0,0,0,0,0,688,2421,1554.5,0,0,0,0),(1766,137,78,2016,2,0,0,0,0,0,0,688,2421,1554.5,0,0,0,0),(1767,137,78,2016,3,0,0,0,0,0,0,688,2421,1554.5,0,0,0,0),(1768,137,78,2016,4,0,0,0,0,0,0,688,2421,1554.5,0,0,0,0),(1769,137,78,2016,5,0,0,0,0,0,0,688,2421,1554.5,0,0,0,0),(1770,137,78,2016,6,0,0,0,0,0,0,688,2421,1554.5,0,0,0,0),(1771,137,78,2016,7,0,0,0,0,0,0,688,2421,1554.5,0,0,0,0),(1772,137,78,2016,8,0,0,0,0,0,0,688,2421,1554.5,0,0,0,0),(1773,137,78,2016,9,0,0,0,0,0,0,688,2421,1554.5,0,0,0,0),(1774,137,78,2016,10,0,0,0,0,0,0,688,2421,1554.5,0,0,0,0),(1775,137,78,2016,11,0,0,0,0,0,0,688,2421,1554.5,0,0,0,0),(1776,137,78,2016,12,0,0,0,0,0,0,688,2421,1554.5,0,0,0,0),(1777,138,78,2016,1,0,0,0,0,0,0,950,6250,3600,0,0,0,0),(1778,138,78,2016,2,0,0,0,0,0,0,950,6250,3600,0,0,0,0),(1779,138,78,2016,3,0,0,0,0,0,0,950,6250,3600,0,0,0,0),(1780,138,78,2016,4,0,0,0,0,0,0,950,6250,3600,0,0,0,0),(1781,138,78,2016,5,0,0,0,0,0,0,950,6250,3600,0,0,0,0),(1782,138,78,2016,6,0,0,0,0,0,0,950,6250,3600,0,0,0,0),(1783,138,78,2016,7,0,0,0,0,0,0,950,6250,3600,0,0,0,0),(1784,138,78,2016,8,0,0,0,0,0,0,950,6250,3600,0,0,0,0),(1785,138,78,2016,9,0,0,0,0,0,0,950,6250,3600,0,0,0,0),(1786,138,78,2016,10,0,0,0,0,0,0,950,6250,3600,0,0,0,0),(1787,138,78,2016,11,0,0,0,0,0,0,950,6250,3600,0,0,0,0),(1788,138,78,2016,12,0,0,0,0,0,0,950,6250,3600,0,0,0,0),(1789,139,78,2016,1,0,0,0,0,0,0,1790,6703,4246.5,0,0,0,0),(1790,139,78,2016,2,0,0,0,0,0,0,1790,6703,4246.5,0,0,0,0),(1791,139,78,2016,3,0,0,0,0,0,0,1790,6703,4246.5,0,0,0,0),(1792,139,78,2016,4,0,0,0,0,0,0,1790,6703,4246.5,0,0,0,0),(1793,139,78,2016,5,0,0,0,0,0,0,1790,6703,4246.5,0,0,0,0),(1794,139,78,2016,6,0,0,0,0,0,0,1790,6703,4246.5,0,0,0,0),(1795,139,78,2016,7,0,0,0,0,0,0,1790,6703,4246.5,0,0,0,0),(1796,139,78,2016,8,0,0,0,0,0,0,1790,6703,4246.5,0,0,0,0),(1797,139,78,2016,9,0,0,0,0,0,0,1790,6703,4246.5,0,0,0,0),(1798,139,78,2016,10,0,0,0,0,0,0,1790,6703,4246.5,0,0,0,0),(1799,139,78,2016,11,0,0,0,0,0,0,1790,6703,4246.5,0,0,0,0),(1800,139,78,2016,12,0,0,0,0,0,0,1790,6703,4246.5,0,0,0,0),(1801,140,78,2016,1,0,0,0,0,0,0,900,3556,2228,0,0,0,0),(1802,140,78,2016,2,0,0,0,0,0,0,900,3556,2228,0,0,0,0),(1803,140,78,2016,3,0,0,0,0,0,0,900,3556,2228,0,0,0,0),(1804,140,78,2016,4,0,0,0,0,0,0,900,3556,2228,0,0,0,0),(1805,140,78,2016,5,0,0,0,0,0,0,900,3556,2228,0,0,0,0),(1806,140,78,2016,6,0,0,0,0,0,0,900,3556,2228,0,0,0,0),(1807,140,78,2016,7,0,0,0,0,0,0,900,3556,2228,0,0,0,0),(1808,140,78,2016,8,0,0,0,0,0,0,900,3556,2228,0,0,0,0),(1809,140,78,2016,9,0,0,0,0,0,0,900,3556,2228,0,0,0,0),(1810,140,78,2016,10,0,0,0,0,0,0,900,3556,2228,0,0,0,0),(1811,140,78,2016,11,0,0,0,0,0,0,900,3556,2228,0,0,0,0),(1812,140,78,2016,12,0,0,0,0,0,0,900,3556,2228,0,0,0,0),(1813,141,78,2016,1,0,0,0,0,0,0,400,1750,1075,0,0,0,0),(1814,141,78,2016,2,0,0,0,0,0,0,400,1750,1075,0,0,0,0),(1815,141,78,2016,3,0,0,0,0,0,0,400,1750,1075,0,0,0,0),(1816,141,78,2016,4,0,0,0,0,0,0,400,1750,1075,0,0,0,0),(1817,141,78,2016,5,0,0,0,0,0,0,400,1750,1075,0,0,0,0),(1818,141,78,2016,6,0,0,0,0,0,0,400,1750,1075,0,0,0,0),(1819,141,78,2016,7,0,0,0,0,0,0,400,1750,1075,0,0,0,0),(1820,141,78,2016,8,0,0,0,0,0,0,400,1750,1075,0,0,0,0),(1821,141,78,2016,9,0,0,0,0,0,0,400,1750,1075,0,0,0,0),(1822,141,78,2016,10,0,0,0,0,0,0,400,1750,1075,0,0,0,0),(1823,141,78,2016,11,0,0,0,0,0,0,400,1750,1075,0,0,0,0),(1824,141,78,2016,12,0,0,0,0,0,0,400,1750,1075,0,0,0,0),(1825,142,78,2016,1,0,0,0,0,0,0,550,4333,2441.5,0,0,0,0),(1826,142,78,2016,2,0,0,0,0,0,0,550,4333,2441.5,0,0,0,0),(1827,142,78,2016,3,0,0,0,0,0,0,550,4333,2441.5,0,0,0,0),(1828,142,78,2016,4,0,0,0,0,0,0,550,4333,2441.5,0,0,0,0),(1829,142,78,2016,5,0,0,0,0,0,0,550,4333,2441.5,0,0,0,0),(1830,142,78,2016,6,0,0,0,0,0,0,550,4333,2441.5,0,0,0,0),(1831,142,78,2016,7,0,0,0,0,0,0,550,4333,2441.5,0,0,0,0),(1832,142,78,2016,8,0,0,0,0,0,0,550,4333,2441.5,0,0,0,0),(1833,142,78,2016,9,0,0,0,0,0,0,550,4333,2441.5,0,0,0,0),(1834,142,78,2016,10,0,0,0,0,0,0,550,4333,2441.5,0,0,0,0),(1835,142,78,2016,11,0,0,0,0,0,0,550,4333,2441.5,0,0,0,0),(1836,142,78,2016,12,0,0,0,0,0,0,550,4333,2441.5,0,0,0,0),(1837,143,78,2016,1,0,0,0,0,0,0,2933,3299,3116,0,0,0,0),(1838,143,78,2016,2,0,0,0,0,0,0,2933,3299,3116,0,0,0,0),(1839,143,78,2016,3,0,0,0,0,0,0,2933,3299,3116,0,0,0,0),(1840,143,78,2016,4,0,0,0,0,0,0,2933,3299,3116,0,0,0,0),(1841,143,78,2016,5,0,0,0,0,0,0,2933,3299,3116,0,0,0,0),(1842,143,78,2016,6,0,0,0,0,0,0,2933,3299,3116,0,0,0,0),(1843,143,78,2016,7,0,0,0,0,0,0,2933,3299,3116,0,0,0,0),(1844,143,78,2016,8,0,0,0,0,0,0,2933,3299,3116,0,0,0,0),(1845,143,78,2016,9,0,0,0,0,0,0,2933,3299,3116,0,0,0,0),(1846,143,78,2016,10,0,0,0,0,0,0,2933,3299,3116,0,0,0,0),(1847,143,78,2016,11,0,0,0,0,0,0,2933,3299,3116,0,0,0,0),(1848,143,78,2016,12,0,0,0,0,0,0,2933,3299,3116,0,0,0,0),(1849,144,78,2016,1,0,0,0,0,0,0,0,0,0,0,0,0,0),(1850,144,78,2016,2,0,0,0,0,0,0,0,0,0,0,0,0,0),(1851,144,78,2016,3,0,0,0,0,0,0,0,0,0,0,0,0,0),(1852,144,78,2016,4,0,0,0,0,0,0,0,0,0,0,0,0,0),(1853,144,78,2016,5,0,0,0,0,0,0,0,0,0,0,0,0,0),(1854,144,78,2016,6,0,0,0,0,0,0,0,0,0,0,0,0,0),(1855,144,78,2016,7,0,0,0,0,0,0,0,0,0,0,0,0,0),(1856,144,78,2016,8,0,0,0,0,0,0,0,0,0,0,0,0,0),(1857,144,78,2016,9,0,0,0,0,0,0,0,0,0,0,0,0,0),(1858,144,78,2016,10,0,0,0,0,0,0,0,0,0,0,0,0,0),(1859,144,78,2016,11,0,0,0,0,0,0,0,0,0,0,0,0,0),(1860,144,78,2016,12,0,0,0,0,0,0,0,0,0,0,0,0,0),(1861,145,78,2016,1,0,0,0,0,0,0,950,5538,3244,0,0,0,0),(1862,145,78,2016,2,0,0,0,0,0,0,950,5538,3244,0,0,0,0),(1863,145,78,2016,3,0,0,0,0,0,0,950,5538,3244,0,0,0,0),(1864,145,78,2016,4,0,0,0,0,0,0,950,5538,3244,0,0,0,0),(1865,145,78,2016,5,0,0,0,0,0,0,950,5538,3244,0,0,0,0),(1866,145,78,2016,6,0,0,0,0,0,0,950,5538,3244,0,0,0,0),(1867,145,78,2016,7,0,0,0,0,0,0,950,5538,3244,0,0,0,0),(1868,145,78,2016,8,0,0,0,0,0,0,950,5538,3244,0,0,0,0),(1869,145,78,2016,9,0,0,0,0,0,0,950,5538,3244,0,0,0,0),(1870,145,78,2016,10,0,0,0,0,0,0,950,5538,3244,0,0,0,0),(1871,145,78,2016,11,0,0,0,0,0,0,950,5538,3244,0,0,0,0),(1872,145,78,2016,12,0,0,0,0,0,0,950,5538,3244,0,0,0,0),(1873,147,78,2016,1,0,0,0,0,0,0,425,15000,7712.5,0,0,0,0),(1874,147,78,2016,2,0,0,0,0,0,0,425,15000,7712.5,0,0,0,0),(1875,147,78,2016,3,0,0,0,0,0,0,425,15000,7712.5,0,0,0,0),(1876,147,78,2016,4,0,0,0,0,0,0,425,15000,7712.5,0,0,0,0),(1877,147,78,2016,5,0,0,0,0,0,0,425,15000,7712.5,0,0,0,0),(1878,147,78,2016,6,0,0,0,0,0,0,425,15000,7712.5,0,0,0,0),(1879,147,78,2016,7,0,0,0,0,0,0,425,15000,7712.5,0,0,0,0),(1880,147,78,2016,8,0,0,0,0,0,0,425,15000,7712.5,0,0,0,0),(1881,147,78,2016,9,0,0,0,0,0,0,425,15000,7712.5,0,0,0,0),(1882,147,78,2016,10,0,0,0,0,0,0,425,15000,7712.5,0,0,0,0),(1883,147,78,2016,11,0,0,0,0,0,0,425,15000,7712.5,0,0,0,0),(1884,147,78,2016,12,0,0,0,0,0,0,425,15000,7712.5,0,0,0,0),(1885,146,78,2016,1,0,0,0,0,0,0,4500,5500,5000,0,0,0,0),(1886,146,78,2016,2,0,0,0,0,0,0,4500,5500,5000,0,0,0,0),(1887,146,78,2016,3,0,0,0,0,0,0,4500,5500,5000,0,0,0,0),(1888,146,78,2016,4,0,0,0,0,0,0,4500,5500,5000,0,0,0,0),(1889,146,78,2016,5,0,0,0,0,0,0,4500,5500,5000,0,0,0,0),(1890,146,78,2016,6,0,0,0,0,0,0,4500,5500,5000,0,0,0,0),(1891,146,78,2016,7,0,0,0,0,0,0,4500,5500,5000,0,0,0,0),(1892,146,78,2016,8,0,0,0,0,0,0,4500,5500,5000,0,0,0,0),(1893,146,78,2016,9,0,0,0,0,0,0,4500,5500,5000,0,0,0,0),(1894,146,78,2016,10,0,0,0,0,0,0,4500,5500,5000,0,0,0,0),(1895,146,78,2016,11,0,0,0,0,0,0,4500,5500,5000,0,0,0,0),(1896,146,78,2016,12,0,0,0,0,0,0,4500,5500,5000,0,0,0,0),(1897,148,78,2016,1,0,0,0,0,0,0,1800,3200,2500,0,0,0,0),(1898,148,78,2016,2,0,0,0,0,0,0,1800,3200,2500,0,0,0,0),(1899,148,78,2016,3,0,0,0,0,0,0,1800,3200,2500,0,0,0,0),(1900,148,78,2016,4,0,0,0,0,0,0,1800,3200,2500,0,0,0,0),(1901,148,78,2016,5,0,0,0,0,0,0,1800,3200,2500,0,0,0,0),(1902,148,78,2016,6,0,0,0,0,0,0,1800,3200,2500,0,0,0,0),(1903,148,78,2016,7,0,0,0,0,0,0,1800,3200,2500,0,0,0,0),(1904,148,78,2016,8,0,0,0,0,0,0,1800,3200,2500,0,0,0,0),(1905,148,78,2016,9,0,0,0,0,0,0,1800,3200,2500,0,0,0,0),(1906,148,78,2016,10,0,0,0,0,0,0,1800,3200,2500,0,0,0,0),
(1907,148,78,2016,11,0,0,0,0,0,0,1800,3200,2500,0,0,0,0),
(1908,148,78,2016,12,0,0,0,0,0,0,1800,3200,2500,0,0,0,0);

# Project Master
	INSERT INTO project (name, description, location_id, city_id, date_of_construction, date_of_possession,latitude, longitude, project_cost, deleted)
VALUES
	('Radhe Greens', 'Township', 2, 1, '2013-03-01 12:25:55', '2015-11-01 08:10:12','21.088768', '79.004157', '2000000', 0),
	('Harbans Park', 'Township', 2, 1, '2013-03-01 12:25:55', '2015-11-01 08:10:12','21.088140', '79.003398', '5000000', 0),
	('Krushna Vihar', 'Township', 2, 1, '2013-03-01 12:25:55', '2015-11-01 08:10:12','21.087669', '79.006709','3000000', 0),
	('Sai Apartment', 'Appt.', 1, 1, '2011-02-03 11:25:56', '2015-12-06 10:11:12','21.136666','79.080191', '4000000', 0),
	('Galaxy Apartment', 'Appt.', 1, 1, '2011-02-03 11:25:56', '2015-12-06 10:11:12',' 21.137504','79.081090', '6000000', 0),
	('Himalya Galaxy', 'Bunglow', 3, 1, '2015-01-11 08:09:00', '2016-05-07 07:09:13','21.136557','79.074942', '2000000', 0),
	('Sunshine Galaxy', 'Bunglow', 3, 1, '2015-01-11 08:09:00', '2016-05-07 07:09:13','21.135448','79.076023', '2000000', 0);

# Property Master
	INSERT INTO property (name, description, property_cost, location_id, city_id, property_type, date_of_construction, date_of_possession, latitude, longitude, deleted)
VALUES
	('Shiva', 'Flat', '2200000', 1, 1, 'sale', '2013-03-01 12:25:55', '2015-11-01 08:10:12', '21.134469', '79.079797', 0),
	('Rawal Complex', 'Appt.', '3100000', 1, 1, 'resale', '2011-02-03 11:25:56', '2015-12-06 10:11:12', '21.134924', '79.082441', 0),
	('Girija Apt', 'Appt.', '3500000', 3, 1, 'resale', '2011-02-03 11:25:56', '2015-12-06 10:11:12', '21.1362597', '79.070698', 0),
	('Sunshine', 'Bunglow', '4500000', 3, 1, 'sale', '2015-01-11 08:09:00', '2016-05-07 07:09:13', '21.136811', '79.073254', 0),
	('5 Star nivas', 'Villa', '5500000', 2, 1, 'sale', '2015-01-11 08:09:00', '2016-05-07 07:09:13', '21.089712', '79.004263', 0),
	('Gajanan Apt', 'mansion', '2300000', 2, 1, 'sale', '2015-01-11 08:09:00', '2016-05-07 07:09:13', '21.088780', '79.002725', 0);

-- # Property Master
-- 	INSERT INTO property (name, description, location_id, city_id, property_type, developer_id, area, sanction_status, cost, BHK, property_status, date_of_construction, date_of_possession, address, deleted)
-- VALUES
-- 	('Shiva', 'Flat', 1, 1, 'sale', 1, 'dhantoli', 1, 7895626, 2, 'New', '2013-03-01 12:25:55', '2015-11-01 08:10:12', 'Main Road, Dhantoli', 0),
-- 	('Galaxy', 'Appt.', 2, 2, 'resale', 2, 'khamla', 2, 4563662, 2, 'sold', '2011-02-03 11:25:56', '2015-12-06 10:11:12', 'Near water tank, Khamla', 0),
-- 	('Sunshine', 'Bunglow', 3, 3, 'Sale', 3, 'Ramdaspeth', 3, 35623697, 5, 'New', '2015-01-11 08:09:00', '2016-05-07 07:09:13', 'CB Road, Ramdaspeth', 0);
  
# Property Type Master
        INSERT INTO property_type (number_of_rooms, carpet_area, deleted)
VALUES 
        (1, 600, 0),
        (2, 1000, 0),
        (3, 1500, 0),
        (4, 2000, 0);      

# Raw Market Price Master
        INSERT INTO raw_market_price (id, city_id, location_name, safedeal_zone_id, location_type_id, location_categories, description, year, month,mp_agri_land_lowest,mp_agri_land_highest, mp_plot_lowest,mp_plot_highest, mp_residential_lowest, mp_residential_highest, mp_commercial_lowest, mp_commercial_highest, is_commercial_center,major_approach_road, source_of_water, public_transport, advantage, disadvantage, population, migration_rate, deleted)
 VALUES 
        (1,78,'Abhay Nagar',1,1,'[1,2]','desc123',2016,1,0,0,0,0,5714,5714,0,0,0,'Wardha road','CORPORATION_SUPPLY','REGULAR','advantage12345','disadvantage12345',9000,7,0),
        (2,78,'Abhay Nagar',1,1,'[1,2]','desc123',2016,2,0,0,0,0,5714,5714,0,0,0,'Wardha road','CORPORATION_SUPPLY','REGULAR','advantage12345','disadvantage12345',9000,7,0),
        (3,78,'Abhay Nagar',1,1,'[1,2]','desc123',2016,3,0,0,0,0,5714,5714,0,0,0,'Wardha road','CORPORATION_SUPPLY','REGULAR','advantage12345','disadvantage12345',9000,7,0),
        (4,78,'Abhay Nagar',1,1,'[1,2]','desc123',2016,4,0,0,0,0,5714,5714,0,0,0,'Wardha road','CORPORATION_SUPPLY','REGULAR','advantage12345','disadvantage12345',9000,7,0),
        (5,78,'Abhay Nagar',1,1,'[1,2]','desc123',2016,5,0,0,0,0,5714,5714,0,0,0,'Wardha road','CORPORATION_SUPPLY','REGULAR','advantage12345','disadvantage12345',9000,7,0),
        (6,78,'Abhay Nagar',1,1,'[1,2]','desc123',2016,6,0,0,0,0,5714,5714,0,0,0,'Wardha road','CORPORATION_SUPPLY','REGULAR','advantage12345','disadvantage12345',9000,7,0),
        (7,78,'Abhay Nagar',1,1,'[1,2]','desc123',2016,7,0,0,0,0,5714,5714,0,0,0,'Wardha road','CORPORATION_SUPPLY','REGULAR','advantage12345','disadvantage12345',9000,7,0),
        (8,78,'Abhay Nagar',1,1,'[1,2]','desc123',2016,8,0,0,0,0,5714,5714,0,0,0,'Wardha road','CORPORATION_SUPPLY','REGULAR','advantage12345','disadvantage12345',9000,7,0),
        (9,78,'Abhay Nagar',1,1,'[1,2]','desc123',2016,9,0,0,0,0,5714,5714,0,0,0,'Wardha road','CORPORATION_SUPPLY','REGULAR','advantage12345','disadvantage12345',9000,7,0),
        (10,78,'Abhay Nagar',1,1,'[1,2]','desc123',2016,10,0,0,0,0,5714,5714,0,0,0,'Wardha road','CORPORATION_SUPPLY','REGULAR','advantage12345','disadvantage12345',9000,7,0),
        (11,78,'Abhay Nagar',1,1,'[1,2]','desc123',2016,11,0,0,0,0,5714,5714,0,0,0,'Wardha road','CORPORATION_SUPPLY','REGULAR','advantage12345','disadvantage12345',9000,7,0),
        (12,78,'Abhay Nagar',1,1,'[1,2]','desc123',2016,12,0,0,0,0,5714,5714,0,0,0,'Wardha road','CORPORATION_SUPPLY','REGULAR','advantage12345','disadvantage12345',9000,7,0),
        (13,78,'Abhyankar Nagar',1,1,'[1,2]','desc123',2016,1,0,0,0,0,800,10345,0,0,0,'Wardha road','CORPORATION_SUPPLY','REGULAR','advantage12345','disadvantage12345',9000,7,0),
        (14,78,'Abhyankar Nagar',1,1,'[1,2]','desc123',2016,2,0,0,0,0,800,10345,0,0,0,'Wardha road','CORPORATION_SUPPLY','REGULAR','advantage12345','disadvantage12345',9000,7,0),
        (15,78,'Abhyankar Nagar',1,1,'[1,2]','desc123',2016,3,0,0,0,0,800,10345,0,0,0,'Wardha road','CORPORATION_SUPPLY','REGULAR','advantage12345','disadvantage12345',9000,7,0),
        (16,78,'Abhyankar Nagar',1,1,'[1,2]','desc123',2016,4,0,0,0,0,800,10345,0,0,0,'Wardha road','CORPORATION_SUPPLY','REGULAR','advantage12345','disadvantage12345',9000,7,0),
        (17,78,'Abhyankar Nagar',1,1,'[1,2]','desc123',2016,5,0,0,0,0,800,10345,0,0,0,'Wardha road','CORPORATION_SUPPLY','REGULAR','advantage12345','disadvantage12345',9000,7,0),
        (18,78,'Abhyankar Nagar',1,1,'[1,2]','desc123',2016,6,0,0,0,0,800,10345,0,0,0,'Wardha road','CORPORATION_SUPPLY','REGULAR','advantage12345','disadvantage12345',9000,7,0),
        (19,78,'Abhyankar Nagar',1,1,'[1,2]','desc123',2016,7,0,0,0,0,800,10345,0,0,0,'Wardha road','CORPORATION_SUPPLY','REGULAR','advantage12345','disadvantage12345',9000,7,0),
        (20,78,'Abhyankar Nagar',1,1,'[1,2]','desc123',2016,8,0,0,0,0,800,10345,0,0,0,'Wardha road','CORPORATION_SUPPLY','REGULAR','advantage12345','disadvantage12345',9000,7,0),
        (21,78,'Abhyankar Nagar',1,1,'[1,2]','desc123',2016,9,0,0,0,0,800,10345,0,0,0,'Wardha road','CORPORATION_SUPPLY','REGULAR','advantage12345','disadvantage12345',9000,7,0),
        (22,78,'Abhyankar Nagar',1,1,'[1,2]','desc123',2016,10,0,0,0,0,800,10345,0,0,0,'Wardha road','CORPORATION_SUPPLY','REGULAR','advantage12345','disadvantage12345',9000,7,0),
        (23,78,'Abhyankar Nagar',1,1,'[1,2]','desc123',2016,11,0,0,0,0,800,10345,0,0,0,'Wardha road','CORPORATION_SUPPLY','REGULAR','advantage12345','disadvantage12345',9000,7,0),
        (24,78,'Abhyankar Nagar',1,1,'[1,2]','desc123',2016,12,0,0,0,0,800,10345,0,0,0,'Wardha road','CORPORATION_SUPPLY','REGULAR','advantage12345','disadvantage12345',9000,7,0),
        (25,78,'Ajni',1,1,'[1,2]','desc123',2016,1,0,0,0,0,1665,6011,0,0,0,'Wardha road','CORPORATION_SUPPLY','REGULAR','advantage12345','disadvantage12345',9000,7,0),
        (26,78,'Ajni',1,1,'[1,2]','desc123',2016,2,0,0,0,0,1665,6011,0,0,0,'Wardha road','CORPORATION_SUPPLY','REGULAR','advantage12345','disadvantage12345',9000,7,0),
        (27,78,'Ajni',1,1,'[1,2]','desc123',2016,3,0,0,0,0,1665,6011,0,0,0,'Wardha road','CORPORATION_SUPPLY','REGULAR','advantage12345','disadvantage12345',9000,7,0),
        (28,78,'Ajni',1,1,'[1,2]','desc123',2016,4,0,0,0,0,1665,6011,0,0,0,'Wardha road','CORPORATION_SUPPLY','REGULAR','advantage12345','disadvantage12345',9000,7,0),
        (29,78,'Ajni',1,1,'[1,2]','desc123',2016,5,0,0,0,0,1665,6011,0,0,0,'Wardha road','CORPORATION_SUPPLY','REGULAR','advantage12345','disadvantage12345',9000,7,0),
        (30,78,'Ajni',1,1,'[1,2]','desc123',2016,6,0,0,0,0,1665,6011,0,0,0,'Wardha road','CORPORATION_SUPPLY','REGULAR','advantage12345','disadvantage12345',9000,7,0),
        (31,78,'Ajni',1,1,'[1,2]','desc123',2016,7,0,0,0,0,1665,6011,0,0,0,'Wardha road','CORPORATION_SUPPLY','REGULAR','advantage12345','disadvantage12345',9000,7,0),
        (32,78,'Ajni',1,1,'[1,2]','desc123',2016,8,0,0,0,0,1665,6011,0,0,0,'Wardha road','CORPORATION_SUPPLY','REGULAR','advantage12345','disadvantage12345',9000,7,0),
        (33,78,'Ajni',1,1,'[1,2]','desc123',2016,9,0,0,0,0,1665,6011,0,0,0,'Wardha road','CORPORATION_SUPPLY','REGULAR','advantage12345','disadvantage12345',9000,7,0),
        (34,78,'Ajni',1,1,'[1,2]','desc123',2016,10,0,0,0,0,1665,6011,0,0,0,'Wardha road','CORPORATION_SUPPLY','REGULAR','advantage12345','disadvantage12345',9000,7,0),
        (35,78,'Ajni',1,1,'[1,2]','desc123',2016,11,0,0,0,0,1665,6011,0,0,0,'Wardha road','CORPORATION_SUPPLY','REGULAR','advantage12345','disadvantage12345',9000,7,0),
        (36,78,'Ajni',1,1,'[1,2]','desc123',2016,12,0,0,0,0,1665,6011,0,0,0,'Wardha road','CORPORATION_SUPPLY','REGULAR','advantage12345','disadvantage12345',9000,7,0),
        (37,78,'Ambazari',1,1,'[1,2]','desc123',2016,1,0,0,0,0,550,6500,0,0,0,'Wardha road','CORPORATION_SUPPLY','REGULAR','advantage12345','disadvantage12345',9000,7,0),
        (38,78,'Ambazari',1,1,'[1,2]','desc123',2016,2,0,0,0,0,550,6500,0,0,0,'Wardha road','CORPORATION_SUPPLY','REGULAR','advantage12345','disadvantage12345',9000,7,0),
        (39,78,'Ambazari',1,1,'[1,2]','desc123',2016,3,0,0,0,0,550,6500,0,0,0,'Wardha road','CORPORATION_SUPPLY','REGULAR','advantage12345','disadvantage12345',9000,7,0),
        (40,78,'Ambazari',1,1,'[1,2]','desc123',2016,4,0,0,0,0,550,6500,0,0,0,'Wardha road','CORPORATION_SUPPLY','REGULAR','advantage12345','disadvantage12345',9000,7,0),
        (41,78,'Ambazari',1,1,'[1,2]','desc123',2016,5,0,0,0,0,550,6500,0,0,0,'Wardha road','CORPORATION_SUPPLY','REGULAR','advantage12345','disadvantage12345',9000,7,0),
        (42,78,'Ambazari',1,1,'[1,2]','desc123',2016,6,0,0,0,0,550,6500,0,0,0,'Wardha road','CORPORATION_SUPPLY','REGULAR','advantage12345','disadvantage12345',9000,7,0),
        (43,78,'Ambazari',1,1,'[1,2]','desc123',2016,7,0,0,0,0,550,6500,0,0,0,'Wardha road','CORPORATION_SUPPLY','REGULAR','advantage12345','disadvantage12345',9000,7,0),
        (44,78,'Ambazari',1,1,'[1,2]','desc123',2016,8,0,0,0,0,550,6500,0,0,0,'Wardha road','CORPORATION_SUPPLY','REGULAR','advantage12345','disadvantage12345',9000,7,0),
        (45,78,'Ambazari',1,1,'[1,2]','desc123',2016,9,0,0,0,0,550,6500,0,0,0,'Wardha road','CORPORATION_SUPPLY','REGULAR','advantage12345','disadvantage12345',9000,7,0),
        (46,78,'Ambazari',1,1,'[1,2]','desc123',2016,10,0,0,0,0,550,6500,0,0,0,'Wardha road','CORPORATION_SUPPLY','REGULAR','advantage12345','disadvantage12345',9000,7,0),
        (47,78,'Ambazari',1,1,'[1,2]','desc123',2016,11,0,0,0,0,550,6500,0,0,0,'Wardha road','CORPORATION_SUPPLY','REGULAR','advantage12345','disadvantage12345',9000,7,0),
        (48,78,'Ambazari',1,1,'[1,2]','desc123',2016,12,0,0,0,0,550,6500,0,0,0,'Wardha road','CORPORATION_SUPPLY','REGULAR','advantage12345','disadvantage12345',9000,7,0),
        (49,78,'Anant Nagar',1,1,'[1,2]','desc123',2016,1,0,0,0,0,2962,4040,0,0,0,'Wardha road','CORPORATION_SUPPLY','REGULAR','advantage12345','disadvantage12345',9000,7,0),
        (50,78,'Anant Nagar',1,1,'[1,2]','desc123',2016,2,0,0,0,0,2962,4040,0,0,0,'Wardha road','CORPORATION_SUPPLY','REGULAR','advantage12345','disadvantage12345',9000,7,0),
        (51,78,'Anant Nagar',1,1,'[1,2]','desc123',2016,3,0,0,0,0,2962,4040,0,0,0,'Wardha road','CORPORATION_SUPPLY','REGULAR','advantage12345','disadvantage12345',9000,7,0),
        (52,78,'Anant Nagar',1,1,'[1,2]','desc123',2016,4,0,0,0,0,2962,4040,0,0,0,'Wardha road','CORPORATION_SUPPLY','REGULAR','advantage12345','disadvantage12345',9000,7,0),
        (53,78,'Anant Nagar',1,1,'[1,2]','desc123',2016,5,0,0,0,0,2962,4040,0,0,0,'Wardha road','CORPORATION_SUPPLY','REGULAR','advantage12345','disadvantage12345',9000,7,0),
        (54,78,'Anant Nagar',1,1,'[1,2]','desc123',2016,6,0,0,0,0,2962,4040,0,0,0,'Wardha road','CORPORATION_SUPPLY','REGULAR','advantage12345','disadvantage12345',9000,7,0),
        (55,78,'Anant Nagar',1,1,'[1,2]','desc123',2016,7,0,0,0,0,2962,4040,0,0,0,'Wardha road','CORPORATION_SUPPLY','REGULAR','advantage12345','disadvantage12345',9000,7,0),
        (56,78,'Anant Nagar',1,1,'[1,2]','desc123',2016,8,0,0,0,0,2962,4040,0,0,0,'Wardha road','CORPORATION_SUPPLY','REGULAR','advantage12345','disadvantage12345',9000,7,0),
        (57,78,'Anant Nagar',1,1,'[1,2]','desc123',2016,9,0,0,0,0,2962,4040,0,0,0,'Wardha road','CORPORATION_SUPPLY','REGULAR','advantage12345','disadvantage12345',9000,7,0),
        (58,78,'Anant Nagar',1,1,'[1,2]','desc123',2016,10,0,0,0,0,2962,4040,0,0,0,'Wardha road','CORPORATION_SUPPLY','REGULAR','advantage12345','disadvantage12345',9000,7,0),
        (59,78,'Anant Nagar',1,1,'[1,2]','desc123',2016,11,0,0,0,0,2962,4040,0,0,0,'Wardha road','CORPORATION_SUPPLY','REGULAR','advantage12345','disadvantage12345',9000,7,0),
        (60,78,'Anant Nagar',1,1,'[1,2]','desc123',2016,12,0,0,0,0,2962,4040,0,0,0,'Wardha road','CORPORATION_SUPPLY','REGULAR','advantage12345','disadvantage12345',9000,7,0),
        (61,78,'Ayodhya Nagar',1,1,'[1,2]','desc123',2016,1,0,0,0,0,3125,3125,0,0,0,'Wardha road','CORPORATION_SUPPLY','REGULAR','advantage12345','disadvantage12345',9000,7,0),
        (62,78,'Ayodhya Nagar',1,1,'[1,2]','desc123',2016,2,0,0,0,0,3125,3125,0,0,0,'Wardha road','CORPORATION_SUPPLY','REGULAR','advantage12345','disadvantage12345',9000,7,0),
        (63,78,'Ayodhya Nagar',1,1,'[1,2]','desc123',2016,3,0,0,0,0,3125,3125,0,0,0,'Wardha road','CORPORATION_SUPPLY','REGULAR','advantage12345','disadvantage12345',9000,7,0),
        (64,78,'Ayodhya Nagar',1,1,'[1,2]','desc123',2016,4,0,0,0,0,3125,3125,0,0,0,'Wardha road','CORPORATION_SUPPLY','REGULAR','advantage12345','disadvantage12345',9000,7,0),
        (65,78,'Ayodhya Nagar',1,1,'[1,2]','desc123',2016,5,0,0,0,0,3125,3125,0,0,0,'Wardha road','CORPORATION_SUPPLY','REGULAR','advantage12345','disadvantage12345',9000,7,0),
        (66,78,'Ayodhya Nagar',1,1,'[1,2]','desc123',2016,6,0,0,0,0,3125,3125,0,0,0,'Wardha road','CORPORATION_SUPPLY','REGULAR','advantage12345','disadvantage12345',9000,7,0),
        (67,78,'Ayodhya Nagar',1,1,'[1,2]','desc123',2016,7,0,0,0,0,3125,3125,0,0,0,'Wardha road','CORPORATION_SUPPLY','REGULAR','advantage12345','disadvantage12345',9000,7,0),
        (68,78,'Ayodhya Nagar',1,1,'[1,2]','desc123',2016,8,0,0,0,0,3125,3125,0,0,0,'Wardha road','CORPORATION_SUPPLY','REGULAR','advantage12345','disadvantage12345',9000,7,0),
        (69,78,'Ayodhya Nagar',1,1,'[1,2]','desc123',2016,9,0,0,0,0,3125,3125,0,0,0,'Wardha road','CORPORATION_SUPPLY','REGULAR','advantage12345','disadvantage12345',9000,7,0),
        (70,78,'Ayodhya Nagar',1,1,'[1,2]','desc123',2016,10,0,0,0,0,3125,3125,0,0,0,'Wardha road','CORPORATION_SUPPLY','REGULAR','advantage12345','disadvantage12345',9000,7,0),
        (71,78,'Ayodhya Nagar',1,1,'[1,2]','desc123',2016,11,0,0,0,0,3125,3125,0,0,0,'Wardha road','CORPORATION_SUPPLY','REGULAR','advantage12345','disadvantage12345',9000,7,0);

    # Ready Reckoner Master
            INSERT INTO ready_reckoner (location_id, rr_year, rr_rate_land, rr_rate_plot, rr_rate_apartment, deleted)
    VALUES
            (5,123,123,123,123,0),
            (3,2016,8768,8768,9879,0);
        
# Safedeal Zone Master
	INSERT INTO safedeal_zone (name, description, deleted)
VALUES
	('SD_ZONE1', 'desc1', 0),
	('SD_ZONE2', 'desc1', 0),
	('SD_ZONE3', 'desc1', 0),
	('SD_ZONE4', 'desc1', 0);
  
# Salary Range Master
	INSERT INTO salary_range (min_salary, max_salary, description, deleted)
VALUES
        (123,456,'abc',0);

# Setting Master
        INSERT INTO setting(setting_key,setting_value,description,deleted) 
VALUES 
        ('ATTACHMENT_ROOT_PATH','/tmp/safedeals','attachments',0),
        ('DOWNLOAD_ROOT_PATH','/home/hp-pc/Downloads','attachments',0);

# State Master
	INSERT INTO state (name,country_id,description, latitude,longitude,deleted)
VALUES
        ('Andhra Pradesh',1,'desc',15.9129,79.7400,0),
        ('Arunachal Pradesh',1,'desc',28.2180,94.7278,0),
        ('Assam',1,'desc',26.2006,92.9376,0),
        ('Bihar',1,'desc',25.0961,85.3131,0),
        ('Chhattisgarh',1,'desc',21.2787,81.8661,0),
        ('Goa', 1,'Beach',15.2993,74.1240,0),
        ('Gujarat',1,'d',22.2587, 71.1924,0),
        ('Haryana',1,'d',29.0588,76.0856,0),
        ('Himachal Pradesh',1,'d',31.1048,77.1734,0),
        ('Jammu & Kashmir',1,'d',32.7218,74.8577,0),
        ('Jharkhand',1,'d',23.6102, 85.2799,0),
        ('Karnataka',1,'d',15.3173, 75.7139,0),
        ('Kerala',1,'d',10.8505, 76.2711,0),
	('Maharashtra', 1,'Tadoba',19.7515,75.7139,0),
	('Madhya Pradesh', 1,'Pench', 22.9734,78.6569,0),
        ('Manipur',1,'d',24.6637, 93.9063,0),
        ('Meghalaya',1,'d',25.4670,91.3662,0),
        ('Mizoram', 1,'P', 23.1645,92.9376,0),
        ('Nagaland',1,'d',26.1584,94.5624,0),
        ('Odisha ', 1,'P', 20.9517,85.0985,0),
        ('Punjab', 1,'P', 31.1471,75.3412,0),
        ('Rajasthan ', 1,'P', 27.0238,74.2179,0),
        ('Sikkim ', 1,'P', 27.5330,88.5122,0),
        ('Tamil Nadu', 1,'P', 11.1271,78.6569,0),
        ('Telangana ', 1,'P', 18.1124,79.0193,0),
        ('Tripura', 1,'P', 23.9408,91.9882,0),
        ('Uttar Pradesh', 1,'P', 26.8467,80.9462,0),
        ('Uttarakhand', 1,'P', 30.0668,79.0193,0),
        ('West Bengal', 1,'P', 22.9868,87.8550,0),
        ('Andaman and Nicobar Islands', 1,'P', 11.7401,92.6586,0),
        ('Chandigarh', 1,'P', 30.7333, 76.7794,0),
        ('Dadra and Nagar Haveli', 1,'P', 20.1809,73.0169,0),
        ('Daman and Diu	', 1,'P', 20.4283, 72.8397,0),
        ('Lakshadweep ', 1,'P',10.00,73.00,0),
        ('Delhi', 1,'P', 28.6139,77.2090,0),
        ('Puducherry ', 1,'P',11.9139, 79.8145,0);

# Team Master
	INSERT INTO team_master (user_id, designation, description, photo_path, deleted)
VALUES
        (7,'abcd','abcd','office.png',0),
        (5,'rdcc','rddd','logosafe.fU7',0),
        (4,'Lead','Kunal','logo44.png',0),
        (1,'abcd','abcd','footer22.png',0),
        (3,'xyz','xyz',NULL,0);

# Testimonial Master
	INSERT INTO testimonial (name,description,attachment,deleted)
VALUES
        ('abc','abc','1.jpg',0);

# User Master
	INSERT INTO user (username,password,user_type,deleted)
VALUES
        ('admin','admin','UT_SUPER_ADMIN',0),
	('kunal','kunal','UT_SUPER_ADMIN',0),
        ('saby','saby','UT_SUPER_ADMIN',0),
        ('samruddhi','samruddhi','UT_SUPER_ADMIN',0),
        ('swapnika','swapnika','UT_SUPER_ADMIN',0),
	('aniket','aniket','UT_AGENT',0),
        ('nirmal','nirmal','UT_DEALER',0),
        ('ruchita','ruchita','UT_BANK',0),
        ('guest','guest','UT_BANK',0);
        
# Video master
        INSERT INTO video (name, description, video_url, is_intro_video, deleted)
VALUES 
        ("tadoba tour", "lots of fun", "https://www.youtube.com/embed/hd5axmqPEy8?rel=0", 1, 0),
        ("Video  One more", "memories", "https://www.youtube.com/embed/t68FrTMtSdw?rel=0", 0, 0);

# Workplace Area master
        INSERT INTO workplace_area (name, size, deleted)
VALUES 
        ('nhgf',67655454,1),
        ('abc',123,0);

# Workplace category master
        INSERT INTO workplace_category (id, workplace_area_id, name, description, deleted)
VALUES 
        (1,2,'Bank','Bank',0),
        (2,2,'Brand Outlets','Brand Outlets',0),
        (3,2,'Club','Club',0),
        (4,2,'College','College',0),
        (5,2,'Commercial Offices','Commercial Offices',0),
        (6,2,'Corporate Office','Corporate Office',0),
        (7,2,'Government Office','Government Office',0),
        (8,2,'Hospital','Hospital',0),
        (9,2,'Hotel','Hotel',0),
        (10,2,'Industries','Industries',0),
        (11,2,'Malls','Malls',0),
        (12,2,'Schools','Schools',0);

# Workplace category detail master
        INSERT INTO workplace_category_detail (workplace_category_id, salary_range_id, number_of_employee, number_of_student, number_of_bed, deleted)
VALUES 
        (1,1,3,3,3,0);